uid,accession,title,chrom,pos_start,pos_end,pos_relative,clinical_significance,gene,review_status
4533036,VCV004533036,NM_000558.5(HBA1):c.3G>A (p.Met1Ile),chr16,176719,176719,149618,Likely pathogenic,HBA1,"criteria provided, single submitter"
4533035,VCV004533035,NM_000558.5(HBA1):c.349G>T (p.Glu117Ter),chr16,177331,177331,150230,Pathogenic,LOC106804613,"criteria provided, single submitter"
4076507,VCV004076507,NM_000558.5(HBA1):c.328C>T (p.Leu110=),chr16,177310,177310,150209,Likely pathogenic,HBA1,no assertion criteria provided
4074262,VCV004074262,NM_000558.5(HBA1):c.386T>C (p.Phe129Ser),chr16,177368,177368,150267,Likely pathogenic,HBA1,no assertion criteria provided
3766692,VCV003766692,NM_000558.5(HBA1):c.329T>C (p.Leu110Pro),chr16,177311,177311,150210,Likely pathogenic,HBA1,"criteria provided, single submitter"
3579879,VCV003579879,NM_000558.5(HBA1):c.184A>T (p.Lys62Ter),chr16,177017,177017,149916,Likely pathogenic,LOC106804613,"criteria provided, single submitter"
3579878,VCV003579878,NM_000558.5(HBA1):c.95+2T>C,chr16,176813,176813,149712,Likely pathogenic,HBA1,"criteria provided, multiple submitters, no conflicts"
3579877,VCV003579877,NM_000558.5(HBA1):c.95G>A (p.Arg32Lys),chr16,176811,176811,149710,Likely pathogenic,HBA1,"criteria provided, single submitter"
3579876,VCV003579876,NM_000558.5(HBA1):c.2T>C (p.Met1Thr),chr16,176718,176718,149617,Pathogenic/Likely pathogenic,HBA1,"criteria provided, multiple submitters, no conflicts"
3338673,VCV003338673,NM_000558.5(HBA1):c.98T>G (p.Met33Arg),chr16,176931,176931,149830,Conflicting classifications of pathogenicity,HBA1,"criteria provided, conflicting classifications"
3075902,VCV003075902,NM_000558.5(HBA1):c.44G>A (p.Trp15Ter),chr16,176760,176760,149659,Pathogenic/Likely pathogenic,HBA1,"criteria provided, multiple submitters, no conflicts"
3075901,VCV003075901,NM_000558.5(HBA1):c.99G>A (p.Met33Ile),chr16,176932,176932,149831,Likely pathogenic,HBA1,"criteria provided, multiple submitters, no conflicts"
2920937,VCV002920937,NM_000558.5(HBA1):c.326C>T (p.Thr109Ile),chr16,177308,177308,150207,Uncertain significance,HBA1,"criteria provided, single submitter"
2920892,VCV002920892,NM_000558.5(HBA1):c.96-2A>G,chr16,176927,176927,149826,Pathogenic,HBA1,"criteria provided, single submitter"
2681961,VCV002681961,NM_000558.5(HBA1):c.95+1G>A,chr16,176812,176812,149711,Pathogenic,HBA1,"criteria provided, multiple submitters, no conflicts"
2681960,VCV002681960,NM_000558.5(HBA1):c.69C>T (p.Gly23=),chr16,176785,176785,149684,Conflicting classifications of pathogenicity,HBA1,"criteria provided, conflicting classifications"
2573442,VCV002573442,NM_000558.5(HBA1):c.2T>A (p.Met1Lys),chr16,176718,176718,149617,Likely pathogenic,HBA1,"criteria provided, single submitter"
2502312,VCV002502312,NM_000558.5(HBA1):c.300+1G>A,chr16,177134,177134,150033,Likely pathogenic,LOC106804613,"criteria provided, multiple submitters, no conflicts"
2428673,VCV002428673,NM_000558.5(HBA1):c.1A>G (p.Met1Val),chr16,176717,176717,149616,Pathogenic,HBA1,"criteria provided, multiple submitters, no conflicts"
1809522,VCV001809522,NM_000558.5(HBA1):c.264C>G (p.His88Gln),chr16,177097,177097,149996,Likely pathogenic,HBA1,"criteria provided, single submitter"
1330794,VCV001330794,NM_000558.5(HBA1):c.98T>A (p.Met33Lys),chr16,176931,176931,149830,Conflicting classifications of pathogenicity,HBA1,"criteria provided, conflicting classifications"
1330688,VCV001330688,NM_000558.5(HBA1):c.326C>A (p.Thr109Asn),chr16,177308,177308,150207,Likely pathogenic,HBA1,"criteria provided, single submitter"
995656,VCV000995656,NM_000558.5(HBA1):c.300+1G>T,chr16,177134,177134,150033,Pathogenic,HBA1,"criteria provided, single submitter"
993656,VCV000993656,NM_000558.5(HBA1):c.19G>C (p.Asp7His),chr16,176735,176735,149634,Uncertain significance,HBA1,"criteria provided, single submitter"
993066,VCV000993066,NM_000558.5(HBA1):c.178G>C (p.Gly60Arg),chr16,177011,177011,149910,Pathogenic,HBA1,"criteria provided, multiple submitters, no conflicts"
915293,VCV000915293,NM_000558.5(HBA1):c.2T>G (p.Met1Arg),chr16,176718,176718,149617,Pathogenic,HBA1,"criteria provided, single submitter"
811900,VCV000811900,NM_000558.5(HBA1):c.358C>T (p.Pro120Ser),chr16,177340,177340,150239,Pathogenic,HBA1,"criteria provided, multiple submitters, no conflicts"
811820,VCV000811820,NM_000558.5(HBA1):c.45G>A (p.Trp15Ter),chr16,176761,176761,149660,Pathogenic/Likely pathogenic,HBA1,"criteria provided, multiple submitters, no conflicts"
811635,VCV000811635,NM_000558.5(HBA1):c.63C>A (p.His21Gln),chr16,176779,176779,149678,Conflicting classifications of pathogenicity,HBA1,"criteria provided, conflicting classifications"
801169,VCV000801169,NM_000558.5(HBA1):c.96-1G>A,chr16,176928,176928,149827,Pathogenic,LOC106804613,"criteria provided, multiple submitters, no conflicts"
618155,VCV000618155,NM_000558.5(HBA1):c.47G>A (p.Gly16Asp),chr16,176763,176763,149662,Conflicting classifications of pathogenicity,HBA1,"criteria provided, conflicting classifications"
439771,VCV000439771,NM_000517.6(HBA2):c.369C>G (p.His123Gln),chr16,173540,173540,146439,Conflicting classifications of pathogenicity,HBA1,"criteria provided, conflicting classifications"
439103,VCV000439103,NM_000558.5(HBA1):c.43T>C (p.Trp15Arg),chr16,176759,176759,149658,Pathogenic/Likely pathogenic,LOC106804613,"criteria provided, multiple submitters, no conflicts"
439095,VCV000439095,NM_000558.5(HBA1):c.207C>G (p.Asn69Lys),chr16,177040,177040,149939,Likely benign,HBA1,"criteria provided, multiple submitters, no conflicts"
375748,VCV000375748,NM_000558.5(HBA1):c.207C>A (p.Asn69Lys),chr16,177040,177040,149939,not provided,HBA1,no classification provided
15876,VCV000015876,NM_000558.3(HBA1):c.310C>T (p.His104Tyr),chr16,177292,177292,150191,Uncertain significance,HBA1,"criteria provided, multiple submitters, no conflicts"
15865,VCV000015865,NM_000558.3(HBA1):c.389T>C (p.Leu130Pro),chr16,177371,177371,150270,Likely pathogenic,HBA1,"criteria provided, multiple submitters, no conflicts"
15856,VCV000015856,NM_000558.5(HBA1):c.421T>C (p.Tyr141His),chr16,177403,177403,150302,Pathogenic; other,LOC106804613,no assertion criteria provided
15849,VCV000015849,NM_000558.3(HBA1):c.179G>A (p.Gly60Asp),chr16,177012,177012,149911,Pathogenic,HBA1,"criteria provided, multiple submitters, no conflicts"
15844,VCV000015844,NC_000016.10:g.173151A>T,chr16,173151,173151,146050,Pathogenic; other,HBA1,no assertion criteria provided
15828,VCV000015828,NM_000558.5(HBA1):c.410T>G (p.Leu137Arg),chr16,177392,177392,150291,Pathogenic; other,HBA1,no assertion criteria provided
15822,VCV000015822,NM_000558.3(HBA1):c.20A>G (p.Asp7Gly),chr16,176736,176736,149635,Uncertain significance,HBA1,"criteria provided, single submitter"
15821,VCV000015821,NM_000558.3(HBA1):c.425G>A (p.Arg142His),chr16,177407,177407,150306,Pathogenic; other,LOC106804613,no assertion criteria provided
15807,VCV000015807,NM_000558.5(HBA1):c.379G>C (p.Asp127His),chr16,177361,177361,150260,Pathogenic; other,HBA1,no assertion criteria provided
15800,VCV000015800,NM_000558.5(HBA1):c.332C>A (p.Ala111Asp),chr16,177314,177314,150213,Likely pathogenic,LOC106804613,"criteria provided, multiple submitters, no conflicts"
15795,VCV000015795,NM_000558.5(HBA1):c.104T>G (p.Leu35Arg),chr16,176937,176937,149836,Uncertain significance,HBA1,"criteria provided, multiple submitters, no conflicts"
15792,VCV000015792,NM_000558.3(HBA1):c.424C>T (p.Arg142Cys),chr16,177406,177406,150305,Pathogenic; other,HBA1,no assertion criteria provided
15783,VCV000015783,NM_000558.3(HBA1):c.134C>T (p.Pro45Leu),chr16,176967,176967,149866,Likely pathogenic,HBA1,"criteria provided, single submitter"
15779,VCV000015779,NM_000558.5(HBA1):c.262C>T (p.His88Tyr),chr16,177095,177095,149994,Pathogenic,HBA1,"criteria provided, multiple submitters, no conflicts"
15776,VCV000015776,NM_000558.5(HBA1):c.265G>T (p.Ala89Ser),chr16,177098,177098,149997,Pathogenic; other,HBA1,no assertion criteria provided
15773,VCV000015773,NM_000558.3(HBA1):c.425G>T (p.Arg142Leu),chr16,177407,177407,150306,Pathogenic; other,LOC106804613,no assertion criteria provided
15752,VCV000015752,NM_000558.3(HBA1):c.278G>A (p.Arg93Gln),chr16,177111,177111,150010,Pathogenic; other,HBA1,no assertion criteria provided
15746,VCV000015746,NM_000558.3(HBA1):c.49A>G (p.Lys17Glu),chr16,176765,176765,149664,Conflicting classifications of pathogenicity,HBA1,"criteria provided, conflicting classifications"
15742,VCV000015742,NM_000558.5(HBA1):c.84G>T (p.Glu28Asp),chr16,176800,176800,149699,Conflicting classifications of pathogenicity,LOC106804613,"criteria provided, conflicting classifications"
15733,VCV000015733,NM_000558.5(HBA1):c.223G>C (p.Asp75His),chr16,177056,177056,149955,Conflicting classifications of pathogenicity,LOC106804613,"criteria provided, conflicting classifications"
15730,VCV000015730,NM_000558.3(HBA1):c.287C>T (p.Pro96Leu),chr16,177120,177120,150019,Conflicting classifications of pathogenicity,LOC106804613,"criteria provided, conflicting classifications"
15724,VCV000015724,NM_000558.5(HBA1):c.43T>Y (p.Trp15Xaa),chr16,176759,176759,149658,other,HBA1,no assertion criteria provided
15711,VCV000015711,NM_000558.3(HBA1):c.278G>T (p.Arg93Leu),chr16,177111,177111,150010,Likely pathogenic,HBA1,"criteria provided, single submitter"
15655,VCV000015655,NM_000517.6(HBA2):c.410T>C (p.Leu137Pro),chr16,173581,173581,146480,Pathogenic,HBA1,"criteria provided, single submitter"
15624,VCV000015624,NM_000517.4(HBA2):c.427T>C (p.Ter143Gln),chr16,173598,173598,146497,Pathogenic/Likely pathogenic,HBA1,"criteria provided, multiple submitters, no conflicts"
4689694,VCV004689694,NM_000558.5(HBA1):c.166G>A (p.Val56Ile),chr16,176999,176999,149898,Uncertain significance,HBA1,"criteria provided, single submitter"
4685966,VCV004685966,NM_000558.5(HBA1):c.63C>G (p.His21Gln),chr16,176779,176779,149678,Likely benign,HBA1,"criteria provided, single submitter"
4685657,VCV004685657,NM_000558.5(HBA1):c.385T>G (p.Phe129Val),chr16,177367,177367,150266,Uncertain significance,HBA1,"criteria provided, single submitter"
4685641,VCV004685641,NM_000558.5(HBA1):c.363G>T (p.Ala121=),chr16,177345,177345,150244,Likely benign,HBA1,"criteria provided, single submitter"
4536965,VCV004536965,NM_000558.5(HBA1):c.344C>A (p.Pro115His),chr16,177326,177326,150225,Uncertain significance,HBA1,"criteria provided, single submitter"
4533037,VCV004533037,NM_000558.5(HBA1):c.63C>T (p.His21=),chr16,176779,176779,149678,Uncertain significance,HBA1,"criteria provided, single submitter"
4533034,VCV004533034,NM_000558.5(HBA1):c.300+63G>C,chr16,177196,177196,150095,Uncertain significance,LOC106804613,"criteria provided, single submitter"
4533033,VCV004533033,NM_000558.5(HBA1):c.300+35G>A,chr16,177168,177168,150067,Uncertain significance,LOC106804613,"criteria provided, single submitter"
4533032,VCV004533032,NM_000558.5(HBA1):c.247G>C (p.Ala83Pro),chr16,177080,177080,149979,Uncertain significance,HBA1,"criteria provided, single submitter"
4533031,VCV004533031,NM_000558.5(HBA1):c.194A>C (p.Asp65Ala),chr16,177027,177027,149926,Uncertain significance,LOC106804613,"criteria provided, single submitter"
4280317,VCV004280317,NM_000558.5(HBA1):c.-35T>C,chr16,176682,176682,149581,Likely benign,HBA1,no assertion criteria provided
3767009,VCV003767009,NM_000558.5(HBA1):c.90G>A (p.Leu30=),chr16,176806,176806,149705,Likely benign,HBA1,"criteria provided, single submitter"
3766985,VCV003766985,NM_000558.5(HBA1):c.418A>G (p.Lys140Glu),chr16,177400,177400,150299,Likely benign,HBA1,"criteria provided, single submitter"
3766932,VCV003766932,NM_000558.5(HBA1):c.153C>G (p.His51Gln),chr16,176986,176986,149885,Likely benign,HBA1,"criteria provided, single submitter"
3766910,VCV003766910,NM_000558.5(HBA1):c.324G>A (p.Val108=),chr16,177306,177306,150205,Likely benign,HBA1,"criteria provided, single submitter"
3766899,VCV003766899,NM_000558.5(HBA1):c.95+3G>A,chr16,176814,176814,149713,Uncertain significance,HBA1,"criteria provided, single submitter"
3766747,VCV003766747,NM_000558.5(HBA1):c.276T>G (p.Leu92=),chr16,177109,177109,150008,Likely benign,HBA1,"criteria provided, single submitter"
3572197,VCV003572197,NM_000558.5(HBA1):c.-9G>C,chr16,176708,176708,149607,Uncertain significance,HBA1,"criteria provided, single submitter"
3572196,VCV003572196,NM_000558.5(HBA1):c.98T>C (p.Met33Thr),chr16,176931,176931,149830,Uncertain significance,HBA1,"criteria provided, multiple submitters, no conflicts"
3572195,VCV003572195,NM_000558.5(HBA1):c.93G>T (p.Glu31Asp),chr16,176809,176809,149708,Uncertain significance,HBA1,"criteria provided, single submitter"
3572194,VCV003572194,NM_000558.5(HBA1):c.73T>A (p.Tyr25Asn),chr16,176789,176789,149688,Uncertain significance,HBA1,"criteria provided, single submitter"
3572193,VCV003572193,NM_000558.5(HBA1):c.16G>A (p.Ala6Thr),chr16,176732,176732,149631,Uncertain significance,LOC106804613,"criteria provided, single submitter"
3344963,VCV003344963,NM_000558.5(HBA1):c.351G>A (p.Glu117=),chr16,177333,177333,150232,Likely benign,HBA1,no assertion criteria provided
3339429,VCV003339429,NM_000558.5(HBA1):c.40G>A (p.Ala14Thr),chr16,176756,176756,149655,Uncertain significance,HBA1,"criteria provided, single submitter"
3336296,VCV003336296,NM_000558.5(HBA1):c.84G>C (p.Glu28Asp),chr16,176800,176800,149699,Uncertain significance,HBA1,"criteria provided, single submitter"
3251880,VCV003251880,NM_000558.5(HBA1):c.46G>T (p.Gly16Cys),chr16,176762,176762,149661,Uncertain significance,HBA1,"criteria provided, single submitter"
3036580,VCV003036580,NM_000558.5(HBA1):c.*1G>A,chr16,177412,177412,150311,Likely benign,HBA1,no assertion criteria provided
3029547,VCV003029547,NM_000558.5(HBA1):c.319C>T (p.Leu107=),chr16,177301,177301,150200,Likely benign,HBA1,no assertion criteria provided
2681959,VCV002681959,NM_000558.5(HBA1):c.300+42T>C,chr16,177175,177175,150074,Uncertain significance,HBA1,"criteria provided, single submitter"
2681958,VCV002681958,NM_000558.5(HBA1):c.181A>C (p.Lys61Gln),chr16,177014,177014,149913,Uncertain significance,HBA1,"criteria provided, single submitter"
2645774,VCV002645774,NM_000558.5(HBA1):c.-15C>G,chr16,176702,176702,149601,Conflicting classifications of pathogenicity,HBA1,"criteria provided, conflicting classifications"
2581599,VCV002581599,NM_000558.5(HBA1):c.142G>C (p.Asp48His),chr16,176975,176975,149874,Uncertain significance,HBA1,"criteria provided, single submitter"
2428746,VCV002428746,NM_000558.5(HBA1):c.95+9C>T,chr16,176820,176820,149719,Likely benign,HBA1,"criteria provided, single submitter"
2428629,VCV002428629,NM_000558.5(HBA1):c.417C>G (p.Ser139=),chr16,177399,177399,150298,Likely benign,HBA1,"criteria provided, single submitter"
2428618,VCV002428618,NM_000558.5(HBA1):c.397G>A (p.Val133Met),chr16,177379,177379,150278,Likely benign,HBA1,"criteria provided, single submitter"
2428547,VCV002428547,NM_000558.5(HBA1):c.237C>A (p.Asn79Lys),chr16,177070,177070,149969,Benign,HBA1,"criteria provided, single submitter"
2263512,VCV002263512,NM_000558.5(HBA1):c.296T>A (p.Phe99Tyr),chr16,177129,177129,150028,Uncertain significance,HBA1,"criteria provided, multiple submitters, no conflicts"
1679446,VCV001679446,NM_000558.5(HBA1):c.255C>A (p.Ser85Arg),chr16,177088,177088,149987,Likely benign,HBA1,"criteria provided, single submitter"
1330840,VCV001330840,NM_000558.5(HBA1):c.186G>T (p.Lys62Asn),chr16,177019,177019,149918,Uncertain significance,HBA1,"criteria provided, single submitter"
1330740,VCV001330740,NM_000558.5(HBA1):c.309C>A (p.Ser103Arg),chr16,177291,177291,150190,Conflicting classifications of pathogenicity,HBA1,"criteria provided, conflicting classifications"
1330135,VCV001330135,NM_000558.5(HBA1):c.62A>C (p.His21Pro),chr16,176778,176778,149677,Conflicting classifications of pathogenicity,HBA1,"criteria provided, conflicting classifications"
1226713,VCV001226713,NC_000016.10:g.176440C>T,chr16,176440,176440,149339,Benign,LOC106804613,"criteria provided, single submitter"
994429,VCV000994429,NM_000558.5(HBA1):c.95+38C>T,chr16,176849,176849,149748,Conflicting classifications of pathogenicity,HBA1,"criteria provided, conflicting classifications"
994421,VCV000994421,NM_000558.5(HBA1):c.256G>C (p.Asp86His),chr16,177089,177089,149988,Uncertain significance,HBA1,"criteria provided, single submitter"
994077,VCV000994077,NM_000558.5(HBA1):c.300+47C>A,chr16,177180,177180,150079,Likely benign,HBA1,"criteria provided, single submitter"
993935,VCV000993935,NM_000558.5(HBA1):c.416C>G (p.Ser139Cys),chr16,177398,177398,150297,Uncertain significance,HBA1,"criteria provided, single submitter"
993413,VCV000993413,NM_000558.5(HBA1):c.301-49C>T,chr16,177234,177234,150133,Likely benign,HBA1,"criteria provided, single submitter"
993349,VCV000993349,NM_000558.5(HBA1):c.150C>A (p.Ser50Arg),chr16,176983,176983,149882,Conflicting classifications of pathogenicity,HBA1,"criteria provided, conflicting classifications"
993069,VCV000993069,NM_000558.5(HBA1):c.95+5G>A,chr16,176816,176816,149715,Uncertain significance,HBA1,"criteria provided, multiple submitters, no conflicts"
993065,VCV000993065,NM_000558.5(HBA1):c.*45C>G,chr16,177456,177456,150355,Uncertain significance,HBA1,"criteria provided, single submitter"
990365,VCV000990365,NM_000558.5(HBA1):c.301-9T>C,chr16,177274,177274,150173,Likely benign,HBA1,"criteria provided, multiple submitters, no conflicts"
811573,VCV000811573,NC_000016.10:g.177694A>G,chr16,177694,177694,150593,Benign,HBA1,"criteria provided, multiple submitters, no conflicts"
811124,VCV000811124,NM_000558.5(HBA1):c.198G>A (p.Ala66=),chr16,177031,177031,149930,Likely benign,HBA1,"criteria provided, single submitter"
801168,VCV000801168,NM_000558.5(HBA1):c.95+41G>T,chr16,176852,176852,149751,Likely benign,HBA1,"criteria provided, multiple submitters, no conflicts"
801166,VCV000801166,NM_000558.5(HBA1):c.413C>T (p.Thr138Ile),chr16,177395,177395,150294,Uncertain significance,HBA1,"criteria provided, single submitter"
801165,VCV000801165,NM_000558.5(HBA1):c.365T>A (p.Val122Glu),chr16,177347,177347,150246,Uncertain significance,LOC106804613,"criteria provided, single submitter"
801164,VCV000801164,NM_000558.5(HBA1):c.335C>T (p.Ala112Val),chr16,177317,177317,150216,Likely benign,HBA1,"criteria provided, single submitter"
801162,VCV000801162,NM_000558.5(HBA1):c.146T>C (p.Leu49Pro),chr16,176979,176979,149878,Uncertain significance,HBA1,"criteria provided, single submitter"
788899,VCV000788899,NM_000558.5(HBA1):c.250C>T (p.Leu84=),chr16,177083,177083,149982,Conflicting classifications of pathogenicity,HBA1,"criteria provided, conflicting classifications"
619845,VCV000619845,NM_000558.5(HBA1):c.55G>A (p.Gly19Ser),chr16,176771,176771,149670,Uncertain significance,LOC106804613,"criteria provided, single submitter"
619840,VCV000619840,NM_000558.5(HBA1):c.178G>A (p.Gly60Ser),chr16,177011,177011,149910,Uncertain significance,HBA1,"criteria provided, multiple submitters, no conflicts"
618156,VCV000618156,NM_000558.4(HBA1):c.-52C>T,chr16,176665,176665,149564,Likely benign,HBA1,"criteria provided, multiple submitters, no conflicts"
618154,VCV000618154,NM_000558.4(HBA1):c.-41C>G,chr16,176676,176676,149575,Likely benign,LOC106804613,"criteria provided, single submitter"
439768,VCV000439768,NM_000558.5(HBA1):c.300+55G>T,chr16,177188,177188,150087,Benign,HBA1,"criteria provided, multiple submitters, no conflicts"
439106,VCV000439106,NM_000558.5(HBA1):c.95+39C>T,chr16,176850,176850,149749,Benign,HBA1,"criteria provided, multiple submitters, no conflicts"
439105,VCV000439105,NM_000558.3(HBA1):c.-80C>A,chr16,176637,176637,149536,Uncertain significance,LOC106804613,"criteria provided, single submitter"
439104,VCV000439104,NM_000558.3(HBA1):c.-77C>G,chr16,176640,176640,149539,Uncertain significance,HBA1,"criteria provided, single submitter"
439102,VCV000439102,NM_000558.5(HBA1):c.-42C>T,chr16,176675,176675,149574,Benign/Likely benign,HBA1,"criteria provided, multiple submitters, no conflicts"
439101,VCV000439101,NM_000558.5(HBA1):c.396T>C (p.Ser132=),chr16,177378,177378,150277,Likely benign,HBA1,"criteria provided, multiple submitters, no conflicts"
439099,VCV000439099,NM_000558.5(HBA1):c.332C>T (p.Ala111Val),chr16,177314,177314,150213,Uncertain significance,HBA1,"criteria provided, single submitter"
439098,VCV000439098,NM_000558.5(HBA1):c.301-19G>A,chr16,177264,177264,150163,Uncertain significance,LOC106804613,"criteria provided, single submitter"
439097,VCV000439097,NM_000558.5(HBA1):c.301-17C>A,chr16,177266,177266,150165,Likely benign,LOC106804613,"criteria provided, multiple submitters, no conflicts"
439096,VCV000439096,NM_000558.5(HBA1):c.-24C>G,chr16,176693,176693,149592,Benign/Likely benign,HBA1,"criteria provided, multiple submitters, no conflicts"
439094,VCV000439094,NM_000558.5(HBA1):c.*46C>A,chr16,177457,177457,150356,Benign/Likely benign,HBA1,"criteria provided, multiple submitters, no conflicts"
15890,VCV000015890,NM_000558.3(HBA1):c.313T>A (p.Cys105Ser),chr16,177295,177295,150194,Uncertain significance,LOC106804613,"criteria provided, single submitter"
15889,VCV000015889,NM_000558.3(HBA1):c.154G>A (p.Gly52Ser),chr16,176987,176987,149886,Likely benign,HBA1,"criteria provided, single submitter"
15885,VCV000015885,NM_000558.3(HBA1):c.270C>G (p.His90Gln),chr16,177103,177103,150002,Conflicting classifications of pathogenicity,HBA1,"criteria provided, conflicting classifications"
15873,VCV000015873,NM_000558.3(HBA1):c.286C>A (p.Pro96Thr),chr16,177119,177119,150018,Uncertain significance,HBA1,"criteria provided, single submitter"
15861,VCV000015861,NM_000558.5(HBA1):c.24G>C (p.Lys8Asn),chr16,176740,176740,149639,Likely benign,HBA1,"criteria provided, single submitter"
15860,VCV000015860,NM_000558.3(HBA1):c.74A>G (p.Tyr25Cys),chr16,176790,176790,149689,Uncertain significance,HBA1,"criteria provided, single submitter"
15835,VCV000015835,NM_000558.3(HBA1):c.19G>T (p.Asp7Tyr),chr16,176735,176735,149634,Uncertain significance,LOC106804613,"criteria provided, single submitter"
15834,VCV000015834,NM_000558.3(HBA1):c.226G>T (p.Asp76Tyr),chr16,177059,177059,149958,Conflicting classifications of pathogenicity,HBA1,"criteria provided, conflicting classifications"
15832,VCV000015832,NM_000558.5(HBA1):c.350A>C (p.Glu117Ala),chr16,177332,177332,150231,Likely benign,HBA1,"criteria provided, single submitter"
15831,VCV000015831,NM_000558.5(HBA1):c.205A>G (p.Asn69Asp),chr16,177038,177038,149937,Uncertain significance,HBA1,"criteria provided, multiple submitters, no conflicts"
15829,VCV000015829,NM_000558.3(HBA1):c.341T>A (p.Leu114His),chr16,177323,177323,150222,Conflicting classifications of pathogenicity,HBA1,"criteria provided, conflicting classifications"
15820,VCV000015820,NM_000558.3(HBA1):c.283G>C (p.Asp95His),chr16,177116,177116,150015,Uncertain significance,HBA1,"criteria provided, single submitter"
15817,VCV000015817,NM_000558.3(HBA1):c.287C>G (p.Pro96Arg),chr16,177120,177120,150019,Conflicting classifications of pathogenicity,HBA1,"criteria provided, conflicting classifications"
15815,VCV000015815,NM_000558.3(HBA1):c.425G>C (p.Arg142Pro),chr16,177407,177407,150306,Uncertain significance,HBA1,"criteria provided, single submitter"
15808,VCV000015808,NM_000517.6(HBA2):c.150C>A (p.Ser50Arg),chr16,173179,173179,146078,Conflicting classifications of pathogenicity,HBA1,"criteria provided, conflicting classifications"
15806,VCV000015806,NM_000558.3(HBA1):c.154G>C (p.Gly52Arg),chr16,176987,176987,149886,Conflicting classifications of pathogenicity,LOC106804613,"criteria provided, conflicting classifications"
15803,VCV000015803,NM_000558.3(HBA1):c.193G>C (p.Asp65His),chr16,177026,177026,149925,Uncertain significance,HBA1,"criteria provided, multiple submitters, no conflicts"
15798,VCV000015798,NM_000558.5(HBA1):c.364G>A (p.Val122Met),chr16,177346,177346,150245,Uncertain significance,HBA1,"criteria provided, multiple submitters, no conflicts"
15797,VCV000015797,NM_000558.5(HBA1):c.46G>C (p.Gly16Arg),chr16,176762,176762,149661,Likely benign,LOC106804613,"criteria provided, single submitter"
15794,VCV000015794,NM_000558.5(HBA1):c.91G>A (p.Glu31Lys),chr16,176807,176807,149706,Conflicting classifications of pathogenicity,HBA1,"criteria provided, conflicting classifications"
15793,VCV000015793,NM_000558.3(HBA1):c.349G>A (p.Glu117Lys),chr16,177331,177331,150230,Conflicting classifications of pathogenicity,HBA1,"criteria provided, conflicting classifications"
15790,VCV000015790,NM_000558.5(HBA1):c.173G>A (p.Gly58Asp),chr16,177006,177006,149905,Likely benign,HBA1,"criteria provided, single submitter"
15788,VCV000015788,NM_000558.5(HBA1):c.245C>G (p.Ser82Cys),chr16,177078,177078,149977,Uncertain significance,HBA1,"criteria provided, single submitter"
15782,VCV000015782,NM_000558.5(HBA1):c.163C>G (p.Gln55Glu),chr16,176996,176996,149895,Benign/Likely benign,HBA1,"criteria provided, multiple submitters, no conflicts"
15766,VCV000015766,NM_000558.5(HBA1):c.384G>C (p.Lys128Asn),chr16,177366,177366,150265,Likely benign,HBA1,"criteria provided, single submitter"
15765,VCV000015765,NM_000558.5(HBA1):c.17C>A (p.Ala6Asp),chr16,176733,176733,149632,Uncertain significance,HBA1,"criteria provided, multiple submitters, no conflicts"
15759,VCV000015759,NM_000558.3(HBA1):c.272A>C (p.Lys91Thr),chr16,177105,177105,150004,Likely benign,HBA1,"criteria provided, single submitter"
15750,VCV000015750,NM_000558.5(HBA1):c.362C>A (p.Ala121Glu),chr16,177344,177344,150243,Conflicting classifications of pathogenicity,LOC106804613,"criteria provided, conflicting classifications"
15745,VCV000015745,NM_000558.5(HBA1):c.337C>G (p.His113Asp),chr16,177319,177319,150218,Uncertain significance,HBA1,"criteria provided, multiple submitters, no conflicts"
15736,VCV000015736,NM_000558.5(HBA1):c.55G>C (p.Gly19Arg),chr16,176771,176771,149670,Likely benign,LOC106804613,"criteria provided, single submitter"
15732,VCV000015732,NM_000558.5(HBA1):c.223G>A (p.Asp75Asn),chr16,177056,177056,149955,Uncertain significance,HBA1,"criteria provided, multiple submitters, no conflicts"
15731,VCV000015731,NM_000558.3(HBA1):c.256G>A (p.Asp86Asn),chr16,177089,177089,149988,Uncertain significance,HBA1,"criteria provided, multiple submitters, no conflicts"
15712,VCV000015712,NM_000558.3(HBA1):c.344C>G (p.Pro115Arg),chr16,177326,177326,150225,Uncertain significance,LOC106804613,"criteria provided, single submitter"
15709,VCV000015709,NM_000558.3(HBA1):c.70G>A (p.Glu24Lys),chr16,176786,176786,149685,Uncertain significance,HBA1,"criteria provided, single submitter"
15707,VCV000015707,NM_000558.5(HBA1):c.273G>C (p.Lys91Asn),chr16,177106,177106,150005,Likely benign,LOC106804613,"criteria provided, single submitter"
15699,VCV000015699,NM_000558.3(HBA1):c.142G>A (p.Asp48Asn),chr16,176975,176975,149874,Uncertain significance,HBA1,"criteria provided, single submitter"
