ClinVar_ID,Position,Category,ARCHCODE_SSIM,AlphaGenome_Score,ARCHCODE_Verdict,AlphaGenome_Verdict,Discordant
VCV000000020,5225464,missense,0.4306,0.5269,PATHOGENIC,Likely Pathogenic,NO
VCV000000274,5225465,promoter,0.5705,0.6241,LIKELY_PATHOGENIC,Likely Pathogenic,NO
VCV000000338,5225469,intronic,0.9576,0.3401,LIKELY_BENIGN,VUS,NO
VCV000000079,5225471,promoter,0.6798,0.6257,LIKELY_PATHOGENIC,Likely Pathogenic,NO
VCV000000335,5225483,nonsense,0.4225,0.9115,PATHOGENIC,Pathogenic,NO
VCV000000210,5225485,5_prime_UTR,0.9376,0.3657,LIKELY_BENIGN,VUS,NO
VCV000000064,5225487,nonsense,0.3926,0.9600,PATHOGENIC,Pathogenic,NO
VCV000000185,5225495,3_prime_UTR,0.9709,0.3413,LIKELY_BENIGN,VUS,NO
VCV000000282,5225501,intronic,0.9046,0.2381,LIKELY_BENIGN,Likely Benign,NO
VCV000000366,5225504,3_prime_UTR,0.8869,0.3780,LIKELY_BENIGN,VUS,NO
VCV000000251,5225507,5_prime_UTR,0.8917,0.5566,LIKELY_BENIGN,Likely Pathogenic,YES
VCV000000084,5225512,5_prime_UTR,0.9090,0.4735,LIKELY_BENIGN,VUS,NO
VCV000000116,5225537,frameshift,0.2577,0.9406,PATHOGENIC,Pathogenic,NO
VCV000000025,5225542,promoter,0.6549,0.5097,LIKELY_PATHOGENIC,Likely Pathogenic,NO
VCV000000261,5225543,frameshift,0.3016,0.8756,PATHOGENIC,Pathogenic,NO
VCV000000074,5225544,nonsense,0.4935,0.8884,PATHOGENIC,Pathogenic,NO
VCV000000225,5225546,splice_donor,0.3727,0.8851,PATHOGENIC,Pathogenic,NO
VCV000000337,5225554,missense,0.5570,0.8636,LIKELY_PATHOGENIC,Pathogenic,NO
VCV000000197,5225556,3_prime_UTR,0.8977,0.5031,LIKELY_BENIGN,Likely Pathogenic,YES
VCV000000042,5225564,5_prime_UTR,0.8589,0.4536,LIKELY_BENIGN,VUS,NO
VCV000000045,5225567,splice_donor,0.5388,0.8685,LIKELY_PATHOGENIC,Pathogenic,NO
VCV000000052,5225574,promoter,0.7108,0.7081,VUS,Pathogenic,YES
VCV000000326,5225580,splice_donor,0.4549,0.8874,PATHOGENIC,Pathogenic,NO
VCV000000018,5225585,nonsense,0.3581,0.9199,PATHOGENIC,Pathogenic,NO
VCV000000145,5225598,splice_donor,0.3049,0.8593,PATHOGENIC,Pathogenic,NO
VCV000000037,5225600,splice_donor,0.5212,0.8006,LIKELY_PATHOGENIC,Pathogenic,NO
VCV000000333,5225604,intronic,0.9724,0.3401,LIKELY_BENIGN,VUS,NO
VCV000000047,5225606,3_prime_UTR,0.9479,0.3915,LIKELY_BENIGN,VUS,NO
VCV000000062,5225606,3_prime_UTR,0.8509,0.4611,LIKELY_BENIGN,VUS,NO
VCV000000245,5225606,missense,0.7897,0.5034,VUS,Likely Pathogenic,YES
VCV000000001,5225607,splice_donor,0.3570,0.7576,PATHOGENIC,Pathogenic,NO
VCV000000060,5225615,intronic,0.9697,0.2948,LIKELY_BENIGN,Likely Benign,NO
VCV000000275,5225618,frameshift,0.2575,0.8674,PATHOGENIC,Pathogenic,NO
VCV000000302,5225620,splice_region,0.5453,0.4536,LIKELY_PATHOGENIC,VUS,YES
VCV000000069,5225623,intronic,0.8158,0.2670,VUS,Likely Benign,NO
VCV000000236,5225623,promoter,0.6860,0.6408,LIKELY_PATHOGENIC,Likely Pathogenic,NO
VCV000000259,5225624,nonsense,0.4864,0.8543,PATHOGENIC,Pathogenic,NO
VCV000000321,5225630,missense,0.8119,0.8714,VUS,Pathogenic,YES
VCV000000205,5225638,3_prime_UTR,0.9777,0.4212,LIKELY_BENIGN,VUS,NO
VCV000000131,5225639,nonsense,0.2518,0.9085,PATHOGENIC,Pathogenic,NO
VCV000000212,5225652,splice_donor,0.5831,0.7528,LIKELY_PATHOGENIC,Pathogenic,NO
VCV000000268,5225653,missense,0.4584,0.5829,PATHOGENIC,Likely Pathogenic,NO
VCV000000168,5225662,missense,0.8430,0.7067,VUS,Pathogenic,YES
VCV000000299,5225664,5_prime_UTR,0.7476,0.5098,VUS,Likely Pathogenic,YES
VCV000000021,5225679,3_prime_UTR,0.9323,0.5044,LIKELY_BENIGN,Likely Pathogenic,YES
VCV000000285,5225683,promoter,0.7328,0.6570,VUS,Likely Pathogenic,YES
VCV000000332,5225686,missense,0.5485,0.6586,LIKELY_PATHOGENIC,Likely Pathogenic,NO
VCV000000085,5225693,missense,0.6022,0.8322,LIKELY_PATHOGENIC,Pathogenic,NO
VCV000000288,5225695,frameshift,0.3984,0.9291,PATHOGENIC,Pathogenic,NO
VCV000000327,5225695,splice_region,0.5474,0.4561,LIKELY_PATHOGENIC,VUS,YES
VCV000000019,5225697,3_prime_UTR,0.8720,0.5196,LIKELY_BENIGN,Likely Pathogenic,YES
VCV000000043,5225700,5_prime_UTR,0.8496,0.5506,VUS,Likely Pathogenic,YES
VCV000000057,5225700,missense,0.4097,0.7563,PATHOGENIC,Pathogenic,NO
VCV000000367,5225701,promoter,0.6717,0.6133,LIKELY_PATHOGENIC,Likely Pathogenic,NO
VCV000000183,5225724,splice_donor,0.5659,0.7813,LIKELY_PATHOGENIC,Pathogenic,NO
VCV000000196,5225724,promoter,0.6815,0.7319,LIKELY_PATHOGENIC,Pathogenic,NO
VCV000000273,5225725,3_prime_UTR,0.7937,0.3888,VUS,VUS,NO
VCV000000039,5225726,5_prime_UTR,0.8714,0.5841,LIKELY_BENIGN,Likely Pathogenic,YES
VCV000000104,5225728,nonsense,0.4556,0.8951,PATHOGENIC,Pathogenic,NO
VCV000000229,5225728,splice_region,0.5964,0.5950,LIKELY_PATHOGENIC,Likely Pathogenic,NO
VCV000000091,5225746,3_prime_UTR,0.8854,0.3111,LIKELY_BENIGN,VUS,NO
VCV000000124,5225748,splice_region,0.7275,0.5144,VUS,Likely Pathogenic,YES
VCV000000146,5225749,splice_region,0.6431,0.6922,LIKELY_PATHOGENIC,Likely Pathogenic,NO
VCV000000290,5225753,splice_donor,0.4324,0.8946,PATHOGENIC,Pathogenic,NO
VCV000000014,5225758,nonsense,0.3430,0.8939,PATHOGENIC,Pathogenic,NO
VCV000000239,5225758,5_prime_UTR,0.8461,0.5917,VUS,Likely Pathogenic,YES
VCV000000110,5225759,3_prime_UTR,0.8998,0.5177,LIKELY_BENIGN,Likely Pathogenic,YES
VCV000000240,5225759,intronic,0.9143,0.3170,LIKELY_BENIGN,VUS,NO
VCV000000129,5225761,missense,0.5641,0.6585,LIKELY_PATHOGENIC,Likely Pathogenic,NO
VCV000000132,5225761,splice_donor,0.5613,0.8536,LIKELY_PATHOGENIC,Pathogenic,NO
VCV000000246,5225761,missense,0.4858,0.6672,PATHOGENIC,Likely Pathogenic,NO
VCV000000102,5225767,missense,0.4651,0.5255,PATHOGENIC,Likely Pathogenic,NO
VCV000000217,5225767,3_prime_UTR,0.8715,0.3049,LIKELY_BENIGN,VUS,NO
VCV000000189,5225771,3_prime_UTR,0.7757,0.3584,VUS,VUS,NO
VCV000000322,5225771,missense,0.8136,0.5664,VUS,Likely Pathogenic,YES
VCV000000184,5225785,5_prime_UTR,0.7472,0.5164,VUS,Likely Pathogenic,YES
VCV000000162,5225786,intronic,0.8480,0.4137,VUS,VUS,NO
VCV000000364,5225795,nonsense,0.2827,0.9731,PATHOGENIC,Pathogenic,NO
VCV000000180,5225796,splice_region,0.5897,0.6921,LIKELY_PATHOGENIC,Likely Pathogenic,NO
VCV000000127,5225798,intronic,0.8168,0.3173,VUS,VUS,NO
VCV000000092,5225799,5_prime_UTR,0.9435,0.5892,LIKELY_BENIGN,Likely Pathogenic,YES
VCV000000011,5225801,3_prime_UTR,0.9421,0.3995,LIKELY_BENIGN,VUS,NO
VCV000000080,5225803,intronic,0.9315,0.2965,LIKELY_BENIGN,Likely Benign,NO
VCV000000295,5225805,promoter,0.5143,0.6272,LIKELY_PATHOGENIC,Likely Pathogenic,NO
VCV000000040,5225808,splice_region,0.7296,0.4630,VUS,VUS,NO
VCV000000281,5225810,3_prime_UTR,0.9086,0.4284,LIKELY_BENIGN,VUS,NO
VCV000000343,5225810,3_prime_UTR,0.9488,0.4131,LIKELY_BENIGN,VUS,NO
VCV000000292,5225818,intronic,0.9726,0.3769,LIKELY_BENIGN,VUS,NO
VCV000000152,5225820,missense,0.8178,0.5073,VUS,Likely Pathogenic,YES
VCV000000137,5225828,3_prime_UTR,0.8692,0.3390,LIKELY_BENIGN,VUS,NO
VCV000000075,5225835,intronic,0.9537,0.2111,LIKELY_BENIGN,Likely Benign,NO
VCV000000083,5225841,promoter,0.6105,0.6802,LIKELY_PATHOGENIC,Likely Pathogenic,NO
VCV000000133,5225846,frameshift,0.5158,0.8752,LIKELY_PATHOGENIC,Pathogenic,NO
VCV000000030,5225850,splice_donor,0.4710,0.7878,PATHOGENIC,Pathogenic,NO
VCV000000315,5225871,frameshift,0.5154,0.8634,LIKELY_PATHOGENIC,Pathogenic,NO
VCV000000134,5225877,promoter,0.7319,0.5805,VUS,Likely Pathogenic,YES
VCV000000081,5225881,frameshift,0.5276,0.8970,LIKELY_PATHOGENIC,Pathogenic,NO
VCV000000101,5225890,3_prime_UTR,0.7746,0.4852,VUS,VUS,NO
VCV000000220,5225894,missense,0.6369,0.8720,LIKELY_PATHOGENIC,Pathogenic,NO
VCV000000055,5225903,nonsense,0.3605,0.8843,PATHOGENIC,Pathogenic,NO
VCV000000311,5225903,nonsense,0.2706,0.8940,PATHOGENIC,Pathogenic,NO
VCV000000243,5225909,frameshift,0.4399,0.9292,PATHOGENIC,Pathogenic,NO
VCV000000278,5225909,splice_region,0.7907,0.4536,VUS,VUS,NO
VCV000000122,5225915,5_prime_UTR,0.9372,0.4766,LIKELY_BENIGN,VUS,NO
VCV000000022,5225917,missense,0.5297,0.8746,LIKELY_PATHOGENIC,Pathogenic,NO
VCV000000241,5225917,3_prime_UTR,0.9347,0.4272,LIKELY_BENIGN,VUS,NO
VCV000000340,5225917,frameshift,0.3829,0.9301,PATHOGENIC,Pathogenic,NO
VCV000000149,5225922,promoter,0.5682,0.6503,LIKELY_PATHOGENIC,Likely Pathogenic,NO
VCV000000024,5225923,3_prime_UTR,0.9214,0.4331,LIKELY_BENIGN,VUS,NO
VCV000000346,5225923,frameshift,0.4299,0.8746,PATHOGENIC,Pathogenic,NO
VCV000000216,5225930,intronic,0.9738,0.2115,LIKELY_BENIGN,Likely Benign,NO
VCV000000248,5225932,splice_donor,0.5516,0.8835,LIKELY_PATHOGENIC,Pathogenic,NO
VCV000000355,5225936,3_prime_UTR,0.8999,0.5319,LIKELY_BENIGN,Likely Pathogenic,YES
VCV000000070,5225939,intronic,0.8854,0.3274,LIKELY_BENIGN,VUS,NO
VCV000000005,5225946,frameshift,0.4423,0.8327,PATHOGENIC,Pathogenic,NO
VCV000000312,5225957,splice_region,0.5673,0.5759,LIKELY_PATHOGENIC,Likely Pathogenic,NO
VCV000000159,5225964,promoter,0.5067,0.6870,LIKELY_PATHOGENIC,Likely Pathogenic,NO
VCV000000061,5225972,nonsense,0.2681,0.9388,PATHOGENIC,Pathogenic,NO
VCV000000078,5225972,splice_region,0.6335,0.5269,LIKELY_PATHOGENIC,Likely Pathogenic,NO
VCV000000358,5225975,intronic,0.8028,0.3666,VUS,VUS,NO
VCV000000213,5225982,nonsense,0.3754,0.9579,PATHOGENIC,Pathogenic,NO
VCV000000186,5225989,missense,0.6564,0.6855,LIKELY_PATHOGENIC,Likely Pathogenic,NO
VCV000000053,5225994,intronic,0.9064,0.3709,LIKELY_BENIGN,VUS,NO
VCV000000003,5225996,intronic,0.8171,0.3944,VUS,VUS,NO
VCV000000354,5225997,splice_donor,0.4400,0.8712,PATHOGENIC,Pathogenic,NO
VCV000000008,5226000,3_prime_UTR,0.9539,0.3472,LIKELY_BENIGN,VUS,NO
VCV000000120,5226000,frameshift,0.3596,0.9487,PATHOGENIC,Pathogenic,NO
VCV000000191,5226001,promoter,0.7048,0.5663,VUS,Likely Pathogenic,YES
VCV000000255,5226004,promoter,0.7627,0.5241,VUS,Likely Pathogenic,YES
VCV000000182,5226009,3_prime_UTR,0.9570,0.5424,LIKELY_BENIGN,Likely Pathogenic,YES
VCV000000360,5226023,missense,0.4668,0.7375,PATHOGENIC,Pathogenic,NO
VCV000000294,5226031,nonsense,0.3542,0.9639,PATHOGENIC,Pathogenic,NO
VCV000000325,5226031,missense,0.5602,0.5429,LIKELY_PATHOGENIC,Likely Pathogenic,NO
VCV000000125,5226034,intronic,0.8380,0.3774,VUS,VUS,NO
VCV000000249,5226036,5_prime_UTR,0.7325,0.4699,VUS,VUS,NO
VCV000000086,5226045,3_prime_UTR,0.8147,0.4834,VUS,VUS,NO
VCV000000138,5226049,promoter,0.5683,0.6767,LIKELY_PATHOGENIC,Likely Pathogenic,NO
VCV000000143,5226059,splice_donor,0.3432,0.8244,PATHOGENIC,Pathogenic,NO
VCV000000353,5226065,intronic,0.8847,0.2514,LIKELY_BENIGN,Likely Benign,NO
VCV000000319,5226066,missense,0.5836,0.8740,LIKELY_PATHOGENIC,Pathogenic,NO
VCV000000306,5226072,splice_region,0.7749,0.6173,VUS,Likely Pathogenic,YES
VCV000000339,5226073,frameshift,0.4777,0.8289,PATHOGENIC,Pathogenic,NO
VCV000000296,5226074,promoter,0.7200,0.5821,VUS,Likely Pathogenic,YES
VCV000000108,5226079,3_prime_UTR,0.8742,0.3621,LIKELY_BENIGN,VUS,NO
VCV000000187,5226081,nonsense,0.2126,0.8898,PATHOGENIC,Pathogenic,NO
VCV000000154,5226087,frameshift,0.5172,0.8868,LIKELY_PATHOGENIC,Pathogenic,NO
VCV000000298,5226087,nonsense,0.3518,0.9712,PATHOGENIC,Pathogenic,NO
VCV000000309,5226094,intronic,0.8754,0.3238,LIKELY_BENIGN,VUS,NO
VCV000000318,5226094,nonsense,0.2292,0.9629,PATHOGENIC,Pathogenic,NO
VCV000000224,5226095,nonsense,0.3418,0.8953,PATHOGENIC,Pathogenic,NO
VCV000000235,5226106,nonsense,0.4425,0.9078,PATHOGENIC,Pathogenic,NO
VCV000000144,5226129,splice_donor,0.3936,0.8292,PATHOGENIC,Pathogenic,NO
VCV000000126,5226144,nonsense,0.4306,0.9464,PATHOGENIC,Pathogenic,NO
VCV000000098,5226147,splice_donor,0.4824,0.8932,PATHOGENIC,Pathogenic,NO
VCV000000004,5226156,5_prime_UTR,0.9046,0.5752,LIKELY_BENIGN,Likely Pathogenic,YES
VCV000000308,5226156,splice_donor,0.3218,0.9059,PATHOGENIC,Pathogenic,NO
VCV000000031,5226157,missense,0.6316,0.7648,LIKELY_PATHOGENIC,Pathogenic,NO
VCV000000323,5226159,3_prime_UTR,0.9656,0.4378,LIKELY_BENIGN,VUS,NO
VCV000000169,5226160,splice_region,0.5866,0.5162,LIKELY_PATHOGENIC,Likely Pathogenic,NO
VCV000000076,5226161,missense,0.7698,0.7303,VUS,Pathogenic,YES
VCV000000044,5226171,nonsense,0.4687,0.8935,PATHOGENIC,Pathogenic,NO
VCV000000287,5226184,3_prime_UTR,0.9119,0.4542,LIKELY_BENIGN,VUS,NO
VCV000000269,5226188,nonsense,0.3299,0.9450,PATHOGENIC,Pathogenic,NO
VCV000000347,5226193,frameshift,0.3970,0.9468,PATHOGENIC,Pathogenic,NO
VCV000000365,5226199,intronic,0.9114,0.2220,LIKELY_BENIGN,Likely Benign,NO
VCV000000356,5226202,splice_region,0.5776,0.6999,LIKELY_PATHOGENIC,Likely Pathogenic,NO
VCV000000147,5226205,nonsense,0.3317,0.9048,PATHOGENIC,Pathogenic,NO
VCV000000263,5226208,missense,0.4778,0.5093,PATHOGENIC,Likely Pathogenic,NO
VCV000000342,5226211,splice_donor,0.3358,0.8144,PATHOGENIC,Pathogenic,NO
VCV000000068,5226214,frameshift,0.4706,0.8150,PATHOGENIC,Pathogenic,NO
VCV000000174,5226215,intronic,0.9681,0.2459,LIKELY_BENIGN,Likely Benign,NO
VCV000000202,5226217,splice_donor,0.4621,0.8723,PATHOGENIC,Pathogenic,NO
VCV000000262,5226218,intronic,0.8042,0.3783,VUS,VUS,NO
VCV000000165,5226233,splice_region,0.7148,0.4623,VUS,VUS,NO
VCV000000058,5226235,frameshift,0.4397,0.9497,PATHOGENIC,Pathogenic,NO
VCV000000208,5226245,promoter,0.5618,0.6736,LIKELY_PATHOGENIC,Likely Pathogenic,NO
VCV000000010,5226248,splice_donor,0.4875,0.8328,PATHOGENIC,Pathogenic,NO
VCV000000334,5226248,intronic,0.9670,0.2746,LIKELY_BENIGN,Likely Benign,NO
VCV000000254,5226271,frameshift,0.3638,0.8377,PATHOGENIC,Pathogenic,NO
VCV000000156,5226274,nonsense,0.2567,0.9096,PATHOGENIC,Pathogenic,NO
VCV000000050,5226275,missense,0.7669,0.5130,VUS,Likely Pathogenic,YES
VCV000000033,5226277,promoter,0.7046,0.7087,VUS,Pathogenic,YES
VCV000000114,5226286,splice_donor,0.5851,0.8912,LIKELY_PATHOGENIC,Pathogenic,NO
VCV000000301,5226289,nonsense,0.4460,0.9294,PATHOGENIC,Pathogenic,NO
VCV000000206,5226294,5_prime_UTR,0.9139,0.3689,LIKELY_BENIGN,VUS,NO
VCV000000232,5226294,splice_donor,0.3455,0.8328,PATHOGENIC,Pathogenic,NO
VCV000000195,5226299,intronic,0.8026,0.2667,VUS,Likely Benign,NO
VCV000000071,5226315,nonsense,0.2728,0.9702,PATHOGENIC,Pathogenic,NO
VCV000000077,5226315,splice_donor,0.4701,0.7746,PATHOGENIC,Pathogenic,NO
VCV000000362,5226319,5_prime_UTR,0.7932,0.3735,VUS,VUS,NO
VCV000000215,5226328,intronic,0.9212,0.2174,LIKELY_BENIGN,Likely Benign,NO
VCV000000227,5226330,nonsense,0.2614,0.9735,PATHOGENIC,Pathogenic,NO
VCV000000103,5226342,missense,0.5981,0.5355,LIKELY_PATHOGENIC,Likely Pathogenic,NO
VCV000000320,5226345,frameshift,0.5244,0.9398,LIKELY_PATHOGENIC,Pathogenic,NO
VCV000000119,5226363,promoter,0.7130,0.5365,VUS,Likely Pathogenic,YES
VCV000000271,5226363,splice_donor,0.4205,0.7857,PATHOGENIC,Pathogenic,NO
VCV000000250,5226369,promoter,0.5553,0.5003,LIKELY_PATHOGENIC,Likely Pathogenic,NO
VCV000000293,5226378,missense,0.8444,0.6489,VUS,Likely Pathogenic,YES
VCV000000153,5226383,splice_region,0.7423,0.6358,VUS,Likely Pathogenic,YES
VCV000000231,5226384,3_prime_UTR,0.8733,0.4841,LIKELY_BENIGN,VUS,NO
VCV000000198,5226385,intronic,0.8577,0.2909,LIKELY_BENIGN,Likely Benign,NO
VCV000000063,5226392,nonsense,0.2638,0.9536,PATHOGENIC,Pathogenic,NO
VCV000000089,5226392,frameshift,0.4374,0.8930,PATHOGENIC,Pathogenic,NO
VCV000000350,5226398,frameshift,0.2642,0.8254,PATHOGENIC,Pathogenic,NO
VCV000000193,5226399,nonsense,0.3001,0.9240,PATHOGENIC,Pathogenic,NO
VCV000000341,5226402,missense,0.8085,0.8404,VUS,Pathogenic,YES
VCV000000121,5226413,intronic,0.9512,0.4405,LIKELY_BENIGN,VUS,NO
VCV000000330,5226415,5_prime_UTR,0.7045,0.5730,VUS,Likely Pathogenic,YES
VCV000000256,5226418,promoter,0.5013,0.5287,LIKELY_PATHOGENIC,Likely Pathogenic,NO
VCV000000348,5226426,3_prime_UTR,0.9560,0.5442,LIKELY_BENIGN,Likely Pathogenic,YES
VCV000000171,5226427,frameshift,0.2572,0.9134,PATHOGENIC,Pathogenic,NO
VCV000000178,5226430,5_prime_UTR,0.7642,0.4703,VUS,VUS,NO
VCV000000267,5226431,promoter,0.7191,0.6679,VUS,Likely Pathogenic,YES
VCV000000361,5226434,nonsense,0.4266,0.9323,PATHOGENIC,Pathogenic,NO
VCV000000017,5226438,nonsense,0.3557,0.9615,PATHOGENIC,Pathogenic,NO
VCV000000111,5226438,5_prime_UTR,0.8627,0.5468,LIKELY_BENIGN,Likely Pathogenic,YES
VCV000000117,5226439,missense,0.4512,0.7106,PATHOGENIC,Pathogenic,NO
VCV000000097,5226440,promoter,0.5026,0.5128,LIKELY_PATHOGENIC,Likely Pathogenic,NO
VCV000000265,5226440,promoter,0.5165,0.6244,LIKELY_PATHOGENIC,Likely Pathogenic,NO
VCV000000082,5226443,intronic,0.8830,0.3138,LIKELY_BENIGN,VUS,NO
VCV000000313,5226444,splice_donor,0.3238,0.8870,PATHOGENIC,Pathogenic,NO
VCV000000093,5226449,promoter,0.5969,0.6621,LIKELY_PATHOGENIC,Likely Pathogenic,NO
VCV000000329,5226449,promoter,0.6585,0.6281,LIKELY_PATHOGENIC,Likely Pathogenic,NO
VCV000000006,5226453,splice_region,0.5911,0.6948,LIKELY_PATHOGENIC,Likely Pathogenic,NO
VCV000000314,5226458,3_prime_UTR,0.7682,0.4449,VUS,VUS,NO
VCV000000175,5226464,frameshift,0.3334,0.8831,PATHOGENIC,Pathogenic,NO
VCV000000056,5226467,3_prime_UTR,0.8649,0.3713,LIKELY_BENIGN,VUS,NO
VCV000000234,5226476,3_prime_UTR,0.7547,0.4792,VUS,VUS,NO
VCV000000222,5226484,nonsense,0.2126,0.9671,PATHOGENIC,Pathogenic,NO
VCV000000286,5226491,promoter,0.7289,0.6419,VUS,Likely Pathogenic,YES
VCV000000223,5226495,5_prime_UTR,0.8074,0.3555,VUS,VUS,NO
VCV000000135,5226496,3_prime_UTR,0.7884,0.5306,VUS,Likely Pathogenic,YES
VCV000000002,5226501,5_prime_UTR,0.7645,0.3837,VUS,VUS,NO
VCV000000331,5226514,frameshift,0.3780,0.8355,PATHOGENIC,Pathogenic,NO
VCV000000107,5226516,missense,0.5568,0.7083,LIKELY_PATHOGENIC,Pathogenic,NO
VCV000000211,5226516,splice_donor,0.3222,0.8639,PATHOGENIC,Pathogenic,NO
VCV000000359,5226517,promoter,0.5895,0.7057,LIKELY_PATHOGENIC,Pathogenic,NO
VCV000000100,5226521,frameshift,0.4416,0.9425,PATHOGENIC,Pathogenic,NO
VCV000000221,5226524,promoter,0.7506,0.5739,VUS,Likely Pathogenic,YES
VCV000000336,5226531,splice_region,0.5688,0.5491,LIKELY_PATHOGENIC,Likely Pathogenic,NO
VCV000000228,5226532,intronic,0.9355,0.2627,LIKELY_BENIGN,Likely Benign,NO
VCV000000007,5226538,3_prime_UTR,0.8197,0.3281,VUS,VUS,NO
VCV000000087,5226539,frameshift,0.2604,0.8294,PATHOGENIC,Pathogenic,NO
VCV000000009,5226540,intronic,0.8750,0.2983,LIKELY_BENIGN,Likely Benign,NO
VCV000000257,5226549,missense,0.4690,0.6887,PATHOGENIC,Likely Pathogenic,NO
VCV000000166,5226550,nonsense,0.4774,0.8728,PATHOGENIC,Pathogenic,NO
VCV000000190,5226551,splice_donor,0.4103,0.7786,PATHOGENIC,Pathogenic,NO
VCV000000328,5226558,nonsense,0.4726,0.9348,PATHOGENIC,Pathogenic,NO
VCV000000095,5226562,missense,0.5319,0.5771,LIKELY_PATHOGENIC,Likely Pathogenic,NO
VCV000000088,5226565,3_prime_UTR,0.8858,0.5167,LIKELY_BENIGN,Likely Pathogenic,YES
VCV000000200,5226568,intronic,0.8159,0.4185,VUS,VUS,NO
VCV000000118,5226572,intronic,0.9852,0.2852,LIKELY_BENIGN,Likely Benign,NO
VCV000000188,5226573,5_prime_UTR,0.8490,0.3951,VUS,VUS,NO
VCV000000012,5226576,3_prime_UTR,0.9605,0.3235,LIKELY_BENIGN,VUS,NO
VCV000000297,5226576,splice_donor,0.3999,0.8136,PATHOGENIC,Pathogenic,NO
VCV000000351,5226577,5_prime_UTR,0.7675,0.5182,VUS,Likely Pathogenic,YES
VCV000000264,5226586,nonsense,0.2863,0.9128,PATHOGENIC,Pathogenic,NO
VCV000000201,5226603,splice_donor,0.3519,0.8408,PATHOGENIC,Pathogenic,NO
VCV000000049,5226619,missense,0.6903,0.8248,LIKELY_PATHOGENIC,Pathogenic,NO
VCV000000173,5226620,splice_region,0.7121,0.6754,VUS,Likely Pathogenic,YES
VCV000000305,5226621,frameshift,0.4252,0.9283,PATHOGENIC,Pathogenic,NO
VCV000000123,5226626,frameshift,0.2868,0.8208,PATHOGENIC,Pathogenic,NO
VCV000000148,5226632,splice_region,0.6561,0.5691,LIKELY_PATHOGENIC,Likely Pathogenic,NO
VCV000000128,5226637,intronic,0.9623,0.2952,LIKELY_BENIGN,Likely Benign,NO
VCV000000096,5226640,3_prime_UTR,0.9210,0.5085,LIKELY_BENIGN,Likely Pathogenic,YES
VCV000000207,5226640,3_prime_UTR,0.9041,0.3169,LIKELY_BENIGN,VUS,NO
VCV000000242,5226640,splice_donor,0.5557,0.7729,LIKELY_PATHOGENIC,Pathogenic,NO
VCV000000253,5226649,5_prime_UTR,0.9174,0.4576,LIKELY_BENIGN,VUS,NO
VCV000000345,5226667,promoter,0.7709,0.5714,VUS,Likely Pathogenic,YES
VCV000000310,5226668,nonsense,0.3664,0.9517,PATHOGENIC,Pathogenic,NO
VCV000000142,5226669,3_prime_UTR,0.9475,0.3786,LIKELY_BENIGN,VUS,NO
VCV000000226,5226669,promoter,0.6086,0.6514,LIKELY_PATHOGENIC,Likely Pathogenic,NO
VCV000000034,5226685,5_prime_UTR,0.9246,0.3580,LIKELY_BENIGN,VUS,NO
VCV000000170,5226695,3_prime_UTR,0.9311,0.3078,LIKELY_BENIGN,VUS,NO
VCV000000307,5226697,intronic,0.9142,0.3835,LIKELY_BENIGN,VUS,NO
VCV000000266,5226698,nonsense,0.4632,0.9112,PATHOGENIC,Pathogenic,NO
VCV000000106,5226704,nonsense,0.4415,0.9045,PATHOGENIC,Pathogenic,NO
VCV000000352,5226705,splice_donor,0.3142,0.9104,PATHOGENIC,Pathogenic,NO
VCV000000344,5226707,intronic,0.9112,0.3218,LIKELY_BENIGN,VUS,NO
VCV000000073,5226712,intronic,0.9733,0.2293,LIKELY_BENIGN,Likely Benign,NO
VCV000000036,5226713,splice_donor,0.3164,0.8954,PATHOGENIC,Pathogenic,NO
VCV000000109,5226713,3_prime_UTR,0.9231,0.4255,LIKELY_BENIGN,VUS,NO
VCV000000172,5226713,nonsense,0.2100,0.8812,PATHOGENIC,Pathogenic,NO
VCV000000115,5226714,splice_donor,0.3714,0.8268,PATHOGENIC,Pathogenic,NO
VCV000000090,5226718,nonsense,0.4431,0.9344,PATHOGENIC,Pathogenic,NO
VCV000000289,5226718,promoter,0.5875,0.6576,LIKELY_PATHOGENIC,Likely Pathogenic,NO
VCV000000284,5226721,splice_donor,0.5744,0.7949,LIKELY_PATHOGENIC,Pathogenic,NO
VCV000000204,5226722,frameshift,0.4611,0.8752,PATHOGENIC,Pathogenic,NO
VCV000000150,5226727,splice_region,0.5344,0.6240,LIKELY_PATHOGENIC,Likely Pathogenic,NO
VCV000000260,5226728,3_prime_UTR,0.9188,0.5205,LIKELY_BENIGN,Likely Pathogenic,YES
VCV000000157,5226741,missense,0.4301,0.7118,PATHOGENIC,Pathogenic,NO
VCV000000016,5226745,3_prime_UTR,0.9066,0.5095,LIKELY_BENIGN,Likely Pathogenic,YES
VCV000000291,5226745,5_prime_UTR,0.8083,0.4634,VUS,VUS,NO
VCV000000046,5226747,missense,0.7705,0.6753,VUS,Likely Pathogenic,YES
VCV000000203,5226758,promoter,0.7824,0.5526,VUS,Likely Pathogenic,YES
VCV000000238,5226762,5_prime_UTR,0.7151,0.4592,VUS,VUS,NO
VCV000000181,5226766,splice_donor,0.5690,0.7999,LIKELY_PATHOGENIC,Pathogenic,NO
VCV000000209,5226768,promoter,0.5079,0.7037,LIKELY_PATHOGENIC,Pathogenic,NO
VCV000000277,5226768,intronic,0.9203,0.2906,LIKELY_BENIGN,Likely Benign,NO
VCV000000015,5226769,promoter,0.6167,0.7335,LIKELY_PATHOGENIC,Pathogenic,NO
VCV000000155,5226769,splice_donor,0.5181,0.7521,LIKELY_PATHOGENIC,Pathogenic,NO
VCV000000054,5226772,promoter,0.7002,0.5113,VUS,Likely Pathogenic,YES
VCV000000094,5226774,3_prime_UTR,0.9548,0.3951,LIKELY_BENIGN,VUS,NO
VCV000000023,5226783,splice_region,0.6149,0.5492,LIKELY_PATHOGENIC,Likely Pathogenic,NO
VCV000000252,5226783,missense,0.7261,0.7665,VUS,Pathogenic,YES
VCV000000141,5226786,nonsense,0.2864,0.8955,PATHOGENIC,Pathogenic,NO
VCV000000258,5226792,intronic,0.9555,0.3657,LIKELY_BENIGN,VUS,NO
VCV000000324,5226800,promoter,0.6971,0.6422,LIKELY_PATHOGENIC,Likely Pathogenic,NO
VCV000000028,5226814,splice_donor,0.5443,0.7541,LIKELY_PATHOGENIC,Pathogenic,NO
VCV000000219,5226815,frameshift,0.3418,0.8602,PATHOGENIC,Pathogenic,NO
VCV000000349,5226826,3_prime_UTR,0.8021,0.3841,VUS,VUS,NO
VCV000000026,5226830,splice_region,0.5506,0.4558,LIKELY_PATHOGENIC,VUS,YES
VCV000000194,5226834,3_prime_UTR,0.7699,0.4863,VUS,VUS,NO
VCV000000035,5226842,frameshift,0.2772,0.8388,PATHOGENIC,Pathogenic,NO
VCV000000038,5226845,splice_donor,0.3716,0.8756,PATHOGENIC,Pathogenic,NO
VCV000000167,5226845,promoter,0.6403,0.5611,LIKELY_PATHOGENIC,Likely Pathogenic,NO
VCV000000357,5226846,3_prime_UTR,0.7753,0.3406,VUS,VUS,NO
VCV000000048,5226848,missense,0.7599,0.7329,VUS,Pathogenic,YES
VCV000000237,5226857,missense,0.4994,0.6096,PATHOGENIC,Likely Pathogenic,NO
VCV000000316,5226862,3_prime_UTR,0.9000,0.4402,LIKELY_BENIGN,VUS,NO
VCV000000317,5226863,3_prime_UTR,0.8579,0.3037,LIKELY_BENIGN,VUS,NO
VCV000000279,5226864,intronic,0.8916,0.2521,LIKELY_BENIGN,Likely Benign,NO
VCV000000363,5226865,nonsense,0.4678,0.8926,PATHOGENIC,Pathogenic,NO
VCV000000158,5226866,splice_donor,0.5310,0.8398,LIKELY_PATHOGENIC,Pathogenic,NO
VCV000000067,5226867,intronic,0.8746,0.3880,LIKELY_BENIGN,VUS,NO
VCV000000280,5226869,3_prime_UTR,0.9691,0.3116,LIKELY_BENIGN,VUS,NO
VCV000000176,5226870,splice_donor,0.3515,0.8413,PATHOGENIC,Pathogenic,NO
VCV000000029,5226872,promoter,0.5804,0.6813,LIKELY_PATHOGENIC,Likely Pathogenic,NO
VCV000000140,5226878,nonsense,0.2036,0.9217,PATHOGENIC,Pathogenic,NO
VCV000000247,5226882,missense,0.5622,0.6441,LIKELY_PATHOGENIC,Likely Pathogenic,NO
VCV000000139,5226890,splice_region,0.6974,0.6738,LIKELY_PATHOGENIC,Likely Pathogenic,NO
VCV000000218,5226895,promoter,0.5654,0.5825,LIKELY_PATHOGENIC,Likely Pathogenic,NO
VCV000000199,5226906,frameshift,0.4743,0.8024,PATHOGENIC,Pathogenic,NO
VCV000000214,5226907,splice_donor,0.4476,0.8909,PATHOGENIC,Pathogenic,NO
VCV000000113,5226911,intronic,0.8633,0.2966,LIKELY_BENIGN,Likely Benign,NO
VCV000000303,5226922,nonsense,0.3532,0.8576,PATHOGENIC,Pathogenic,NO
VCV000000270,5226938,splice_region,0.6010,0.5824,LIKELY_PATHOGENIC,Likely Pathogenic,NO
VCV000000151,5226950,3_prime_UTR,0.8537,0.5324,LIKELY_BENIGN,Likely Pathogenic,YES
VCV000000072,5226953,intronic,0.9244,0.2469,LIKELY_BENIGN,Likely Benign,NO
VCV000000099,5226953,frameshift,0.2711,0.8371,PATHOGENIC,Pathogenic,NO
VCV000000304,5226954,promoter,0.6867,0.7036,LIKELY_PATHOGENIC,Pathogenic,NO
VCV000000230,5226956,splice_region,0.7560,0.6385,VUS,Likely Pathogenic,YES
VCV000000177,5226967,frameshift,0.2724,0.8881,PATHOGENIC,Pathogenic,NO
VCV000000041,5226976,intronic,0.8131,0.2707,VUS,Likely Benign,NO
VCV000000065,5226977,frameshift,0.3068,0.8822,PATHOGENIC,Pathogenic,NO
VCV000000112,5226978,splice_region,0.6776,0.5682,LIKELY_PATHOGENIC,Likely Pathogenic,NO
VCV000000283,5226986,5_prime_UTR,0.7414,0.5629,VUS,Likely Pathogenic,YES
VCV000000136,5226989,missense,0.6023,0.7879,LIKELY_PATHOGENIC,Pathogenic,NO
VCV000000192,5227002,intronic,0.9484,0.4358,LIKELY_BENIGN,VUS,NO
VCV000000059,5227004,5_prime_UTR,0.7327,0.3610,VUS,VUS,NO
VCV000000105,5227005,splice_region,0.6979,0.6024,LIKELY_PATHOGENIC,Likely Pathogenic,NO
VCV000000032,5227012,frameshift,0.4467,0.9489,PATHOGENIC,Pathogenic,NO
VCV000000013,5227018,3_prime_UTR,0.8853,0.4764,LIKELY_BENIGN,VUS,NO
VCV000000244,5227023,nonsense,0.4367,0.8599,PATHOGENIC,Pathogenic,NO
VCV000000027,5227025,splice_donor,0.3729,0.8629,PATHOGENIC,Pathogenic,NO
VCV000000160,5227030,promoter,0.5933,0.7366,LIKELY_PATHOGENIC,Pathogenic,NO
VCV000000130,5227041,frameshift,0.4481,0.8668,PATHOGENIC,Pathogenic,NO
VCV000000233,5227042,5_prime_UTR,0.8981,0.4646,LIKELY_BENIGN,VUS,NO
VCV000000300,5227043,5_prime_UTR,0.9282,0.5105,LIKELY_BENIGN,Likely Pathogenic,YES
VCV000000051,5227049,3_prime_UTR,0.7557,0.4274,VUS,VUS,NO
VCV000000272,5227051,promoter,0.5260,0.5204,LIKELY_PATHOGENIC,Likely Pathogenic,NO
VCV000000276,5227055,3_prime_UTR,0.8651,0.3456,LIKELY_BENIGN,VUS,NO
VCV000000164,5227057,nonsense,0.4719,0.8806,PATHOGENIC,Pathogenic,NO
VCV000000163,5227064,missense,0.5119,0.7763,LIKELY_PATHOGENIC,Pathogenic,NO
VCV000000066,5227066,promoter,0.7388,0.7313,VUS,Pathogenic,YES
VCV000000161,5227069,intronic,0.8079,0.3014,VUS,VUS,NO
VCV000000179,5227077,frameshift,0.5017,0.8089,LIKELY_PATHOGENIC,Pathogenic,NO