ClinVar_ID,Position_GRCh38,Ref,Alt,HGVS_c,HGVS_p,Category,ClinVar_Significance,ARCHCODE_SSIM,ARCHCODE_LSSIM,ARCHCODE_DeltaInsulation,ARCHCODE_LoopIntegrity,ARCHCODE_Verdict,VEP_Consequence,VEP_Score,VEP_Impact,SIFT_Score,SIFT_Prediction,VEP_Interpretation,Pearl,Discordance,Mechanism_Insight,Label,Source,CADD_Phred,Effect_Source,genomic_pos,mpra_mean_score,mpra_min_score,mpra_n
VCV000393704,5227039,G,C,NM_000518.5(HBB):c.-18C>G,,5_prime_UTR,Pathogenic,0.9956,0.976,0.0272,0,LIKELY_BENIGN,splice_region_variant,0.5,LOW,-1.0,,High Impact,False,VEP_ONLY,Sequence-level pathogenicity (VEP: splice_region_variant) without significant 3D structural change.,Pathogenic,ClinVar_Pathogenic,21.0,CATEGORICAL,5227039,0.016666666666666663,-0.13,3
VCV000393702,5227050,C,T,NM_000518.5(HBB):c.-29G>A,,5_prime_UTR,Pathogenic,0.9957,0.9756,0.0267,0,LIKELY_BENIGN,splice_polypyrimidine_tract_variant,0.3,LOW,-1.0,,Moderate Impact,False,AGREEMENT,Convergent evidence from structural and sequence analysis.,Pathogenic,ClinVar_Pathogenic,18.0,CATEGORICAL,5227050,0.08333333333333333,-0.04,3
VCV000869257,5227056,T,C,NM_000518.5(HBB):c.-35A>G,,5_prime_UTR,,0.9959,0.9767,0.026,0,LIKELY_BENIGN,splice_polypyrimidine_tract_variant,0.1,MODIFIER,-1.0,,Low Impact,False,AGREEMENT,Convergent evidence from structural and sequence analysis.,Benign,ClinVar_Benign,15.6,CATEGORICAL,5227056,-0.08666666666666667,-0.11,3
VCV000036292,5227071,T,G,NM_000518.5(HBB):c.-50A>C,,5_prime_UTR,Pathogenic/Likely pathogenic,0.9957,0.9757,0.0267,0,LIKELY_BENIGN,5_prime_UTR_variant,0.2,MODIFIER,-1.0,,Moderate Impact,False,AGREEMENT,Convergent evidence from structural and sequence analysis.,Pathogenic,ClinVar_Pathogenic,16.3,CATEGORICAL,5227071,-0.22666666666666666,-0.29,3
VCV003051702,5227091,C,T,NC_000011.10:g.5227091C>T,,other,,0.9934,0.9614,0.0335,0,LIKELY_BENIGN,5_prime_UTR_variant,0.2,MODIFIER,-1.0,,Low Impact,False,AGREEMENT,Convergent evidence from structural and sequence analysis.,Benign,ClinVar_Benign,8.1,CATEGORICAL,5227091,-0.04666666666666666,-0.09,3
VCV000869256,5227096,C,A,NC_000011.10:g.5227096C>A,,other,Pathogenic,0.9934,0.9614,0.0321,0,LIKELY_BENIGN,5_prime_UTR_variant,0.2,MODIFIER,-1.0,,Moderate Impact,False,AGREEMENT,Convergent evidence from structural and sequence analysis.,Pathogenic,ClinVar_Pathogenic,12.1,CATEGORICAL,5227096,0.03,-0.05,3
VCV000869286,5227097,T,G,NC_000011.10:g.5227097T>G,,other,Pathogenic,0.9933,0.9609,0.0336,0,LIKELY_BENIGN,5_prime_UTR_variant,0.2,MODIFIER,-1.0,,Moderate Impact,False,AGREEMENT,Convergent evidence from structural and sequence analysis.,Pathogenic,ClinVar_Pathogenic,17.4,CATEGORICAL,5227097,-0.07666666666666666,-0.09,3
VCV000869287,5227098,T,A,NC_000011.10:g.5227098T>A,,other,Pathogenic,0.9933,0.9612,0.0335,0,LIKELY_BENIGN,5_prime_UTR_variant,0.2,MODIFIER,-1.0,,Moderate Impact,False,AGREEMENT,Convergent evidence from structural and sequence analysis.,Pathogenic,ClinVar_Pathogenic,17.5,CATEGORICAL,5227098,0.16666666666666666,0.04,3
VCV000015471,5227099,T,C,NM_000518.5(HBB):c.-78A>G,,promoter,Pathogenic/Likely pathogenic,0.986,0.9157,0.0487,0,LIKELY_PATHOGENIC,5_prime_UTR_variant,0.2,MODIFIER,-1.0,,Moderate Impact,True,ARCHCODE_ONLY,PEARL: VEP blind (score=0.20) but ARCHCODE detects structural disruption (LSSIM=0.916).,Pathogenic,ClinVar_Pathogenic,15.1,CATEGORICAL,5227099,-0.06666666666666667,-0.15,3
VCV000015470,5227099,T,G,NM_000518.5(HBB):c.-78A>C,,promoter,Pathogenic,0.986,0.9157,0.0487,0,LIKELY_PATHOGENIC,5_prime_UTR_variant,0.2,MODIFIER,-1.0,,Moderate Impact,True,ARCHCODE_ONLY,PEARL: VEP blind (score=0.20) but ARCHCODE detects structural disruption (LSSIM=0.916).,Pathogenic,ClinVar_Pathogenic,15.2,CATEGORICAL,5227099,-0.06666666666666667,-0.15,3
VCV000869288,5227100,T,G,NM_000518.5(HBB):c.-79A>C,,promoter,Pathogenic,0.9858,0.9143,0.048,0,LIKELY_PATHOGENIC,5_prime_UTR_variant,0.2,MODIFIER,-1.0,,Moderate Impact,True,ARCHCODE_ONLY,PEARL: VEP blind (score=0.20) but ARCHCODE detects structural disruption (LSSIM=0.914).,Pathogenic,ClinVar_Pathogenic,19.3,CATEGORICAL,5227100,-0.03666666666666667,-0.09,3
VCV000015469,5227100,T,C,NC_000011.10:g.5227100T>C,,other,Pathogenic,0.9931,0.96,0.0333,0,LIKELY_BENIGN,5_prime_UTR_variant,0.2,MODIFIER,-1.0,,Moderate Impact,False,AGREEMENT,Convergent evidence from structural and sequence analysis.,Pathogenic,ClinVar_Pathogenic,19.6,CATEGORICAL,5227100,-0.03666666666666667,-0.09,3
VCV000869290,5227101,A,G,NM_000518.5(HBB):c.-80T>C,,promoter,Pathogenic,0.9858,0.9143,0.0485,0,LIKELY_PATHOGENIC,5_prime_UTR_variant,0.2,MODIFIER,-1.0,,Moderate Impact,True,ARCHCODE_ONLY,PEARL: VEP blind (score=0.20) but ARCHCODE detects structural disruption (LSSIM=0.914).,Pathogenic,ClinVar_Pathogenic,18.9,CATEGORICAL,5227101,0.06666666666666667,0.01,3
VCV000869289,5227101,A,C,NC_000011.10:g.5227101A>C,,other,Pathogenic,0.9931,0.96,0.0337,0,LIKELY_BENIGN,5_prime_UTR_variant,0.2,MODIFIER,-1.0,,Moderate Impact,False,AGREEMENT,Convergent evidence from structural and sequence analysis.,Pathogenic,ClinVar_Pathogenic,18.6,CATEGORICAL,5227101,0.06666666666666667,0.01,3
VCV000015467,5227101,A,T,NC_000011.10:g.5227101A>T,,other,Pathogenic,0.9931,0.96,0.0337,0,LIKELY_BENIGN,5_prime_UTR_variant,0.2,MODIFIER,-1.0,,Moderate Impact,False,AGREEMENT,Convergent evidence from structural and sequence analysis.,Pathogenic,ClinVar_Pathogenic,18.6,CATEGORICAL,5227101,0.06666666666666667,0.01,3
VCV000015466,5227102,T,C,NM_000518.5(HBB):c.-81A>G,,promoter,Pathogenic,0.9864,0.9173,0.0471,0,LIKELY_PATHOGENIC,5_prime_UTR_variant,0.2,MODIFIER,-1.0,,Moderate Impact,True,ARCHCODE_ONLY,PEARL: VEP blind (score=0.20) but ARCHCODE detects structural disruption (LSSIM=0.917).,Pathogenic,ClinVar_Pathogenic,19.2,CATEGORICAL,5227102,0.026666666666666672,-0.09,3
VCV000801184,5227142,G,A,NM_000518.5(HBB):c.-121C>T,,promoter,Pathogenic/Likely pathogenic,0.986,0.9144,0.0471,0,LIKELY_PATHOGENIC,5_prime_UTR_variant,0.2,MODIFIER,-1.0,,Moderate Impact,True,ARCHCODE_ONLY,PEARL: VEP blind (score=0.20) but ARCHCODE detects structural disruption (LSSIM=0.914).,Pathogenic,ClinVar_Pathogenic,15.7,CATEGORICAL,5227142,0.15666666666666665,0.06,3
VCV000869327,5227147,G,T,NC_000011.10:g.5227147G>T,,other,Pathogenic,0.9932,0.9595,0.0333,0,VUS,5_prime_UTR_variant,0.2,MODIFIER,-1.0,,Moderate Impact,False,AGREEMENT,Convergent evidence from structural and sequence analysis.,Pathogenic,ClinVar_Pathogenic,14.5,CATEGORICAL,5227147,0.02,-0.01,3
VCV002506212,5227157,G,T,NM_000518.4(HBB):c.-136C>A,,promoter,Likely pathogenic,0.9866,0.9186,0.0471,0,LIKELY_PATHOGENIC,5_prime_UTR_variant,0.2,MODIFIER,-1.0,,Moderate Impact,True,ARCHCODE_ONLY,PEARL: VEP blind (score=0.20) but ARCHCODE detects structural disruption (LSSIM=0.919).,Pathogenic,ClinVar_Pathogenic,12.1,CATEGORICAL,5227157,-0.09000000000000001,-0.15,3
VCV000036284,5227157,G,A,NM_000518.4(HBB):c.-136C>T,,promoter,Pathogenic/Likely pathogenic,0.9866,0.9186,0.0471,0,LIKELY_PATHOGENIC,5_prime_UTR_variant,0.2,MODIFIER,-1.0,,Moderate Impact,True,ARCHCODE_ONLY,PEARL: VEP blind (score=0.20) but ARCHCODE detects structural disruption (LSSIM=0.919).,Pathogenic,ClinVar_Pathogenic,11.7,CATEGORICAL,5227157,-0.09000000000000001,-0.15,3
VCV000015465,5227157,G,C,NC_000011.10:g.5227157G>C,,other,Pathogenic/Likely pathogenic,0.9935,0.9619,0.0327,0,LIKELY_BENIGN,5_prime_UTR_variant,0.2,MODIFIER,-1.0,,Moderate Impact,False,AGREEMENT,Convergent evidence from structural and sequence analysis.,Pathogenic,ClinVar_Pathogenic,12.3,CATEGORICAL,5227157,-0.09000000000000001,-0.15,3
VCV000036287,5227158,G,A,NM_000518.5(HBB):c.-137C>T,,promoter,Pathogenic/Likely pathogenic,0.986,0.9157,0.0484,0,LIKELY_PATHOGENIC,5_prime_UTR_variant,0.2,MODIFIER,-1.0,,Moderate Impact,True,ARCHCODE_ONLY,PEARL: VEP blind (score=0.20) but ARCHCODE detects structural disruption (LSSIM=0.916).,Pathogenic,ClinVar_Pathogenic,16.1,CATEGORICAL,5227158,0.006666666666666668,-0.06,3
VCV000036285,5227158,G,T,NM_000518.5(HBB):c.-137C>A,,promoter,Pathogenic,0.986,0.9157,0.0484,0,LIKELY_PATHOGENIC,5_prime_UTR_variant,0.2,MODIFIER,-1.0,,Moderate Impact,True,ARCHCODE_ONLY,PEARL: VEP blind (score=0.20) but ARCHCODE detects structural disruption (LSSIM=0.916).,Pathogenic,ClinVar_Pathogenic,15.6,CATEGORICAL,5227158,0.006666666666666668,-0.06,3
VCV000015464,5227158,G,C,NM_000518.5(HBB):c.-137C>G,,promoter,Pathogenic/Likely pathogenic,0.986,0.9157,0.0484,0,LIKELY_PATHOGENIC,5_prime_UTR_variant,0.2,MODIFIER,-1.0,,Moderate Impact,True,ARCHCODE_ONLY,PEARL: VEP blind (score=0.20) but ARCHCODE detects structural disruption (LSSIM=0.916).,Pathogenic,ClinVar_Pathogenic,15.6,CATEGORICAL,5227158,0.006666666666666668,-0.06,3
VCV000393701,5227159,G,T,NM_000518.5(HBB):c.-138C>A,,promoter,Pathogenic/Likely pathogenic,0.9858,0.915,0.0489,0,LIKELY_PATHOGENIC,5_prime_UTR_variant,0.2,MODIFIER,-1.0,,Moderate Impact,True,ARCHCODE_ONLY,PEARL: VEP blind (score=0.20) but ARCHCODE detects structural disruption (LSSIM=0.915).,Pathogenic,ClinVar_Pathogenic,18.3,CATEGORICAL,5227159,-0.03666666666666667,-0.09,3
VCV000015460,5227159,G,A,NC_000011.10:g.5227159G>A,,other,Pathogenic/Likely pathogenic,0.9931,0.9603,0.0339,0,LIKELY_BENIGN,5_prime_UTR_variant,0.2,MODIFIER,-1.0,,Moderate Impact,False,AGREEMENT,Convergent evidence from structural and sequence analysis.,Pathogenic,ClinVar_Pathogenic,18.6,CATEGORICAL,5227159,-0.03666666666666667,-0.09,3
VCV000015514,5227161,G,A,NM_000518.5(HBB):c.-140C>T,,promoter,Pathogenic/Likely pathogenic,0.9862,0.9146,0.0468,0,LIKELY_PATHOGENIC,5_prime_UTR_variant,0.2,MODIFIER,-1.0,,Moderate Impact,True,ARCHCODE_ONLY,PEARL: VEP blind (score=0.20) but ARCHCODE detects structural disruption (LSSIM=0.915).,Pathogenic,ClinVar_Pathogenic,16.9,CATEGORICAL,5227161,-0.06,-0.13,3
VCV000015462,5227163,G,A,NM_000518.5(HBB):c.-142C>T,,promoter,Pathogenic/Likely pathogenic,0.9861,0.9185,0.048,0,LIKELY_PATHOGENIC,5_prime_UTR_variant,0.2,MODIFIER,-1.0,,Moderate Impact,True,ARCHCODE_ONLY,PEARL: VEP blind (score=0.20) but ARCHCODE detects structural disruption (LSSIM=0.919).,Pathogenic,ClinVar_Pathogenic,15.7,CATEGORICAL,5227163,-0.06666666666666667,-0.2,3
VCV000015586,5227172,G,C,NM_000518.5(HBB):c.-151C>G,,promoter,Pathogenic,0.9864,0.9177,0.047,0,LIKELY_PATHOGENIC,5_prime_UTR_variant,0.2,MODIFIER,-1.0,,Moderate Impact,True,ARCHCODE_ONLY,PEARL: VEP blind (score=0.20) but ARCHCODE detects structural disruption (LSSIM=0.918).,Pathogenic,ClinVar_Pathogenic,13.4,CATEGORICAL,5227172,-0.07,-0.17,3
VCV000015461,5227172,G,A,NC_000011.10:g.5227172G>A,,other,Pathogenic,0.9934,0.9615,0.0327,0,LIKELY_BENIGN,5_prime_UTR_variant,0.2,MODIFIER,-1.0,,Moderate Impact,False,AGREEMENT,Convergent evidence from structural and sequence analysis.,Pathogenic,ClinVar_Pathogenic,14.1,CATEGORICAL,5227172,-0.07,-0.17,3
