rsID,Chromosome,Position_GRCh38,GWAS_P_Value,Neg_Log10_P,Effect_Size,Mapped_Gene,Trait,Is_Intergenic,ARCHCODE_Locus,ARCHCODE_LSSIM,ARCHCODE_Delta_LSSIM,ARCHCODE_Category,Is_Pearl,Atlas_Match_Type,Atlas_Distance_bp,Interpretation
rs77121243,chr11,5227002,,,,"BGLT3,HBB,HBBP1,HBD,HBE1,HBG1,HBG2,OR51A1P,OR51AB1P,OR51B2,OR51B3P,OR51B4,OR51B5,OR51V1,OR52A1,OR52A5,OR52Z1P",GWAS hit in HBB locus,True,HBB,0.9417,0.05830000000000002,missense,False,exact,0.0,GWAS hit explained by structural disruption
rs10768683,chr11,5226561,,,,"BGLT3,HBB,HBBP1,HBD,HBE1,HBG1,HBG2,OR51A1P,OR51AB1P,OR51B2,OR51B3P,OR51B4,OR51B5,OR51V1,OR52A1,OR52A5,OR52Z1P",GWAS hit in HBB locus,True,HBB,0.9916,0.008399999999999963,intronic,False,exact,0.0,Structural mechanism unlikely — LSSIM near WT
rs11549407,chr11,5226774,,,,"BGLT3,HBB,HBBP1,HBD,HBE1,HBG1,HBG2,OR51A1P,OR51AB1P,OR51B2,OR51B3P,OR51B4,OR51B5,OR51V1,OR52A1,OR52A5,OR52Z1P",GWAS hit in HBB locus,True,HBB,0.7952,0.20479999999999998,frameshift,False,exact,0.0,GWAS hit explained by structural disruption
rs112176573,chr11,5276199,,,,"BGLT3,HBB,HBBP1,HBD,HBE1,HBG1,HBG2,LOC100418885,OR51AB1P,OR51B2,OR51B3P,OR51B4,OR51B5,OR51B6,OR51B8P,OR51V1,OR52Z1P,TMEM258P1",GWAS hit in HBB locus,True,HBB,,,,False,not_found,,Needs simulation — position not in atlas
rs12295181,chr11,5270506,,,,"BGLT3,HBB,HBBP1,HBD,HBE1,HBG1,HBG2,LOC100418885,OR51A1P,OR51AB1P,OR51B2,OR51B3P,OR51B4,OR51B5,OR51B6,OR51B8P,OR51V1,OR52Z1P,TMEM258P1",GWAS hit in HBB locus,True,HBB,,,,False,not_found,,Needs simulation — position not in atlas
rs73404531,chr11,5288536,,,,"BGLT3,HBB,HBBP1,HBD,HBE1,HBG1,HBG2,LOC100418885,OR51AB1P,OR51B2,OR51B3P,OR51B4,OR51B5,OR51B6,OR51B8P,OR51M1,OR51V1,TMEM258P1",GWAS hit in HBB locus,True,HBB,,,,False,not_found,,Needs simulation — position not in atlas
rs33930165,chr11,5227003,,,,"BGLT3,HBB,HBBP1,HBD,HBE1,HBG1,HBG2,OR51A1P,OR51AB1P,OR51B2,OR51B3P,OR51B4,OR51B5,OR51V1,OR52A1,OR52A5,OR52Z1P",GWAS hit in HBB locus,True,HBB,0.8458,0.1542,nonsense,False,exact,0.0,GWAS hit explained by structural disruption
rs10742583,chr11,5227411,,,,"BGLT3,HBB,HBBP1,HBD,HBE1,HBG1,HBG2,OR51A1P,OR51AB1P,OR51B2,OR51B3P,OR51B4,OR51B5,OR51V1,OR52A1,OR52A5,OR52Z1P",GWAS hit in HBB locus,True,HBB,0.9618,0.03820000000000001,other,False,exact,0.0,"Ambiguous — ΔLSSIM=0.0382, intergenic, needs experimental follow-up"
rs2213169,chr11,5281833,,,,"BGLT3,HBB,HBBP1,HBD,HBE1,HBG1,HBG2,LOC100418885,OR51AB1P,OR51B2,OR51B3P,OR51B4,OR51B5,OR51B6,OR51B8P,OR51V1,TMEM258P1",GWAS hit in HBB locus,True,HBB,,,,False,not_found,,Needs simulation — position not in atlas
rs998870472,chr11,5245613,,,,"BGLT3,HBB,HBBP1,HBD,HBE1,HBG1,HBG2,OR51A1P,OR51AB1P,OR51B2,OR51B3P,OR51B4,OR51B5,OR51B8P,OR51V1,OR52A1,OR52Z1P",GWAS hit in HBB locus,True,HBB,,,,False,not_found,,Needs simulation — position not in atlas
rs11036562,chr11,5272915,,,,"BGLT3,HBB,HBBP1,HBD,HBE1,HBG1,HBG2,LOC100418885,OR51AB1P,OR51B2,OR51B3P,OR51B4,OR51B5,OR51B6,OR51B8P,OR51V1,OR52Z1P,TMEM258P1",GWAS hit in HBB locus,True,HBB,,,,False,not_found,,Needs simulation — position not in atlas
rs73404549,chr11,5299424,,,,"BGLT3,HBB,HBBP1,HBD,HBE1,HBG1,HBG2,LOC100418885,OR51AB1P,OR51B2,OR51B3P,OR51B4,OR51B5,OR51B6,OR51B8P,OR51M1,OR51V1,TMEM258P1",GWAS hit in HBB locus,True,HBB,,,,False,not_found,,Needs simulation — position not in atlas
rs34598529,chr11,5227100,,,,"BGLT3,HBB,HBBP1,HBD,HBE1,HBG1,HBG2,OR51A1P,OR51AB1P,OR51B2,OR51B3P,OR51B4,OR51B5,OR51V1,OR52A1,OR52A5,OR52Z1P",GWAS hit in HBB locus,True,HBB,0.9143,0.0857,promoter,True,exact,0.0,GWAS hit explained by structural disruption (pearl)
rs4910735,chr11,5237622,,,,"BGLT3,HBB,HBBP1,HBD,HBE1,HBG1,HBG2,OR51A1P,OR51AB1P,OR51B2,OR51B3P,OR51B4,OR51B5,OR51B8P,OR51V1,OR52A1,OR52A5,OR52Z1P",GWAS hit in HBB locus,True,HBB,,,,False,not_found,,Needs simulation — position not in atlas
rs10768737,chr11,5270642,,,,"BGLT3,HBB,HBBP1,HBD,HBE1,HBG1,HBG2,LOC100418885,OR51A1P,OR51AB1P,OR51B2,OR51B3P,OR51B4,OR51B5,OR51B6,OR51B8P,OR51V1,OR52Z1P,TMEM258P1",GWAS hit in HBB locus,True,HBB,,,,False,not_found,,Needs simulation — position not in atlas
rs60586182,chr11,5285051,,,,"BGLT3,HBB,HBBP1,HBD,HBE1,HBG1,HBG2,LOC100418885,OR51AB1P,OR51B2,OR51B3P,OR51B4,OR51B5,OR51B6,OR51B8P,OR51M1,OR51V1,TMEM258P1",GWAS hit in HBB locus,True,HBB,,,,False,not_found,,Needs simulation — position not in atlas
rs334,chr11,5227002,,,,"BGLT3,HBB,HBBP1,HBD,HBE1,HBG1,HBG2,OR51A1P,OR51AB1P,OR51B2,OR51B3P,OR51B4,OR51B5,OR51V1,OR52A1,OR52A5,OR52Z1P",GWAS hit in HBB locus,True,HBB,0.9417,0.05830000000000002,missense,False,exact,0.0,GWAS hit explained by structural disruption
rs67385638,chr11,5269140,,,,"BGLT3,HBB,HBBP1,HBD,HBE1,HBG1,HBG2,LOC100418885,OR51A1P,OR51AB1P,OR51B2,OR51B3P,OR51B4,OR51B5,OR51B6,OR51B8P,OR51V1,OR52Z1P,TMEM258P1",GWAS hit in HBB locus,True,HBB,,,,False,not_found,,Needs simulation — position not in atlas
rs4910742,chr11,5285279,,,,"BGLT3,HBB,HBBP1,HBD,HBE1,HBG1,HBG2,LOC100418885,OR51AB1P,OR51B2,OR51B3P,OR51B4,OR51B5,OR51B6,OR51B8P,OR51M1,OR51V1,TMEM258P1",GWAS hit in HBB locus,True,HBB,,,,False,not_found,,Needs simulation — position not in atlas
rs1135071,chr11,5226799,,,,"BGLT3,HBB,HBBP1,HBD,HBE1,HBG1,HBG2,OR51A1P,OR51AB1P,OR51B2,OR51B3P,OR51B4,OR51B5,OR51V1,OR52A1,OR52A5,OR52Z1P",GWAS hit in HBB locus,True,HBB,0.9118,0.08819999999999995,missense,False,exact,0.0,GWAS hit explained by structural disruption
rs2213170,chr11,5281803,,,,"BGLT3,HBB,HBBP1,HBD,HBE1,HBG1,HBG2,LOC100418885,OR51AB1P,OR51B2,OR51B3P,OR51B4,OR51B5,OR51B6,OR51B8P,OR51V1,TMEM258P1",GWAS hit in HBB locus,True,HBB,,,,False,not_found,,Needs simulation — position not in atlas
rs6578583,chr11,5212413,,,,"BGLT3,HBB,HBBP1,HBD,HBE1,HBG1,HBG2,OR51A1P,OR51AB1P,OR51B4,OR51B5,OR51V1,OR52A1,OR52A4P,OR52A5,OR52Z1P",GWAS hit in HBB locus,True,HBB,,,,False,not_found,,Needs simulation — position not in atlas
rs16912210,chr11,5242623,,,,"BGLT3,HBB,HBBP1,HBD,HBE1,HBG1,HBG2,OR51A1P,OR51AB1P,OR51B2,OR51B3P,OR51B4,OR51B5,OR51B8P,OR51V1,OR52A1,OR52Z1P",GWAS hit in HBB locus,True,HBB,,,,False,not_found,,Needs simulation — position not in atlas
rs113744604,chr11,5265631,,,,"BGLT3,HBB,HBBP1,HBD,HBE1,HBG1,HBG2,LOC100418885,OR51A1P,OR51AB1P,OR51B2,OR51B3P,OR51B4,OR51B5,OR51B6,OR51B8P,OR51V1,OR52Z1P,TMEM258P1",GWAS hit in HBB locus,True,HBB,,,,False,not_found,,Needs simulation — position not in atlas
rs12295158,chr11,5231564,,,,"BGLT3,HBB,HBBP1,HBD,HBE1,HBG1,HBG2,OR51A1P,OR51AB1P,OR51B2,OR51B3P,OR51B4,OR51B5,OR51B8P,OR51V1,OR52A1,OR52A5,OR52Z1P",GWAS hit in HBB locus,True,HBB,,,,False,not_found,,Needs simulation — position not in atlas
rs77346511,chr11,5247268,,,,"BGLT3,HBB,HBBP1,HBD,HBE1,HBG1,HBG2,OR51A1P,OR51AB1P,OR51B2,OR51B3P,OR51B4,OR51B5,OR51B8P,OR51V1,OR52A1,OR52Z1P",GWAS hit in HBB locus,True,HBB,,,,False,not_found,,Needs simulation — position not in atlas
rs11036634,chr11,5287498,,,,"BGLT3,HBB,HBBP1,HBD,HBE1,HBG1,HBG2,LOC100418885,OR51AB1P,OR51B2,OR51B3P,OR51B4,OR51B5,OR51B6,OR51B8P,OR51M1,OR51V1,TMEM258P1",GWAS hit in HBB locus,True,HBB,,,,False,not_found,,Needs simulation — position not in atlas
rs7928927,chr11,5293687,,,,"BGLT3,HBB,HBBP1,HBD,HBE1,HBG1,HBG2,LOC100418885,OR51AB1P,OR51B2,OR51B3P,OR51B4,OR51B5,OR51B6,OR51B8P,OR51M1,OR51V1,TMEM258P1",GWAS hit in HBB locus,True,HBB,,,,False,not_found,,Needs simulation — position not in atlas
rs6578598,chr11,5297978,,,,"BGLT3,HBB,HBBP1,HBD,HBE1,HBG1,HBG2,LOC100418885,OR51AB1P,OR51B2,OR51B3P,OR51B4,OR51B5,OR51B6,OR51B8P,OR51M1,OR51V1,TMEM258P1",GWAS hit in HBB locus,True,HBB,,,,False,not_found,,Needs simulation — position not in atlas
rs74234654,chr11,5227599,,,,"BGLT3,HBB,HBBP1,HBD,HBE1,HBG1,HBG2,OR51A1P,OR51AB1P,OR51B2,OR51B3P,OR51B4,OR51B5,OR51V1,OR52A1,OR52A5,OR52Z1P",GWAS hit in HBB locus,True,HBB,0.9607,0.0393,other,False,nearest,37.0,"Ambiguous — ΔLSSIM=0.0393, intergenic, needs experimental follow-up"
rs2226952,chr11,5285924,,,,"BGLT3,HBB,HBBP1,HBD,HBE1,HBG1,HBG2,LOC100418885,OR51AB1P,OR51B2,OR51B3P,OR51B4,OR51B5,OR51B6,OR51B8P,OR51M1,OR51V1,TMEM258P1",GWAS hit in HBB locus,True,HBB,,,,False,not_found,,Needs simulation — position not in atlas
rs34029390,chr11,5225502,,,,"BGLT3,HBB,HBBP1,HBD,HBE1,HBG1,HBG2,OR51A1P,OR51AB1P,OR51B2,OR51B3P,OR51B4,OR51B5,OR51V1,OR52A1,OR52A5,OR52Z1P",GWAS hit in HBB locus,True,HBB,0.9915,0.008499999999999952,3_prime_UTR,False,nearest,9.0,Structural mechanism unlikely — LSSIM near WT
rs4402323,chr11,5237362,,,,"BGLT3,HBB,HBBP1,HBD,HBE1,HBG1,HBG2,OR51A1P,OR51AB1P,OR51B2,OR51B3P,OR51B4,OR51B5,OR51B8P,OR51V1,OR52A1,OR52A5,OR52Z1P",GWAS hit in HBB locus,True,HBB,,,,False,not_found,,Needs simulation — position not in atlas
rs141845179,chr11,5223435,,,,"BGLT3,HBB,HBBP1,HBD,HBE1,HBG1,HBG2,OR51A1P,OR51AB1P,OR51B2,OR51B3P,OR51B4,OR51B5,OR51V1,OR52A1,OR52A5,OR52Z1P",GWAS hit in HBB locus,True,HBB,,,,False,not_found,,Needs simulation — position not in atlas
rs33946267,chr11,5225678,,,,"BGLT3,HBB,HBBP1,HBD,HBE1,HBG1,HBG2,OR51A1P,OR51AB1P,OR51B2,OR51B3P,OR51B4,OR51B5,OR51V1,OR52A1,OR52A5,OR52Z1P",GWAS hit in HBB locus,True,HBB,0.9155,0.08450000000000002,frameshift,False,exact,0.0,GWAS hit explained by structural disruption
rs35152987,chr11,5234352,,,,"BGLT3,HBB,HBBP1,HBD,HBE1,HBG1,HBG2,OR51A1P,OR51AB1P,OR51B2,OR51B3P,OR51B4,OR51B5,OR51B8P,OR51V1,OR52A1,OR52A5,OR52Z1P",GWAS hit in HBB locus,True,HBB,,,,False,not_found,,Needs simulation — position not in atlas
rs2071348,chr11,5242916,,,,"BGLT3,HBB,HBBP1,HBD,HBE1,HBG1,HBG2,OR51A1P,OR51AB1P,OR51B2,OR51B3P,OR51B4,OR51B5,OR51B8P,OR51V1,OR52A1,OR52Z1P",GWAS hit in HBB locus,True,HBB,,,,False,not_found,,Needs simulation — position not in atlas
rs1609812,chr11,5225911,,,,"BGLT3,HBB,HBBP1,HBD,HBE1,HBG1,HBG2,OR51A1P,OR51AB1P,OR51B2,OR51B3P,OR51B4,OR51B5,OR51V1,OR52A1,OR52A5,OR52Z1P",GWAS hit in HBB locus,True,HBB,0.9927,0.007299999999999973,intronic,False,exact,0.0,Structural mechanism unlikely — LSSIM near WT
rs73402629,chr11,5250509,,,,"BGLT3,HBB,HBBP1,HBD,HBE1,HBG1,HBG2,OR51A1P,OR51AB1P,OR51B2,OR51B3P,OR51B4,OR51B5,OR51B8P,OR51V1,OR52A1,OR52Z1P",GWAS hit in HBB locus,True,HBB,,,,False,not_found,,Needs simulation — position not in atlas
rs11036635,chr11,5287666,,,,"BGLT3,HBB,HBBP1,HBD,HBE1,HBG1,HBG2,LOC100418885,OR51AB1P,OR51B2,OR51B3P,OR51B4,OR51B5,OR51B6,OR51B8P,OR51M1,OR51V1,TMEM258P1",GWAS hit in HBB locus,True,HBB,,,,False,not_found,,Needs simulation — position not in atlas
rs185705069,chr11,5298227,,,,"BGLT3,HBB,HBBP1,HBD,HBE1,HBG1,HBG2,LOC100418885,OR51AB1P,OR51B2,OR51B3P,OR51B4,OR51B5,OR51B6,OR51B8P,OR51M1,OR51V1,TMEM258P1",GWAS hit in HBB locus,True,HBB,,,,False,not_found,,Needs simulation — position not in atlas
rs549175393,chr17,43331774,,,,"ARL4D,CCDC200,LINC00910,LOC105371785,LOC124904007,LOC124904135,LOC124904136,LOC124904137,LOC124904138,LOC124904139,LOC124904140,LOC124904141,LOC124904142,LOC124904143,LOC124904144,LOC124904145,LOC124904146,LOC124904147,RNU2-1,RNU2-4P,RNU6-1137P,RNU6-470P,U2",GWAS hit in BRCA1 locus,True,BRCA1,,,,False,not_found,,Needs simulation — position not in atlas
rs757820539,chr17,43144226,,,,"BRCA1,BRCA1P1,CCDC200,HMGN1P29,LOC101929767,LOC124900391,LOC124904135,LOC124904136,NBR1,NBR2,RNU2-1,RPL21P4,TMEM106A,U2",GWAS hit in BRCA1 locus,True,BRCA1,,,,False,not_found,,Needs simulation — position not in atlas
rs782502267,chr17,43320520,,,,"ARL4D,CCDC200,LINC00910,LOC105371785,LOC124904007,LOC124904135,LOC124904136,LOC124904137,LOC124904138,LOC124904139,LOC124904140,LOC124904141,LOC124904142,LOC124904143,LOC124904144,LOC124904145,LOC124904146,LOC124904147,RNU2-1,RNU2-4P,RNU6-1137P,RNU6-470P,U2",GWAS hit in BRCA1 locus,True,BRCA1,,,,False,not_found,,Needs simulation — position not in atlas
rs4793248,chr17,43393315,,,,"ARL4D,CCDC200,DHX8,LINC00910,LOC105371785,LOC124904007,LOC124904112,LOC124904143,LOC124904144,LOC124904147,MIR2117,MIR2117HG,RNU2-4P,RNU6-1137P,RNU6-406P,RNU6-470P,RNU6-971P,RPL29P31,U2",GWAS hit in BRCA1 locus,True,BRCA1,,,,False,not_found,,Needs simulation — position not in atlas
rs62079603,chr17,43310262,,,,"ARL4D,CCDC200,LINC00910,LOC105371785,LOC124904007,LOC124904135,LOC124904136,LOC124904137,LOC124904138,LOC124904139,LOC124904140,LOC124904141,LOC124904142,LOC124904143,LOC124904144,LOC124904145,LOC124904146,LOC124904147,NBR1,RNU2-1,RNU2-4P,RNU6-1137P,TMEM106A,U2",GWAS hit in BRCA1 locus,True,BRCA1,,,,False,not_found,,Needs simulation — position not in atlas
rs112381903,chr17,43310895,,,,"ARL4D,CCDC200,LINC00910,LOC105371785,LOC124904007,LOC124904135,LOC124904136,LOC124904137,LOC124904138,LOC124904139,LOC124904140,LOC124904141,LOC124904142,LOC124904143,LOC124904144,LOC124904145,LOC124904146,LOC124904147,NBR1,RNU2-1,RNU2-4P,RNU6-1137P,TMEM106A,U2",GWAS hit in BRCA1 locus,True,BRCA1,,,,False,not_found,,Needs simulation — position not in atlas
rs11657004,chr17,43365383,,,,"ARL4D,CCDC200,LINC00910,LOC105371785,LOC124904007,LOC124904139,LOC124904140,LOC124904141,LOC124904142,LOC124904143,LOC124904144,LOC124904145,LOC124904146,LOC124904147,MIR2117,MIR2117HG,RNU2-4P,RNU6-1137P,RNU6-406P,RNU6-470P,U2",GWAS hit in BRCA1 locus,True,BRCA1,,,,False,not_found,,Needs simulation — position not in atlas
rs74252763,chr17,43324652,,,,"ARL4D,CCDC200,LINC00910,LOC105371785,LOC124904007,LOC124904135,LOC124904136,LOC124904137,LOC124904138,LOC124904139,LOC124904140,LOC124904141,LOC124904142,LOC124904143,LOC124904144,LOC124904145,LOC124904146,LOC124904147,RNU2-1,RNU2-4P,RNU6-1137P,RNU6-470P,U2",GWAS hit in BRCA1 locus,True,BRCA1,,,,False,not_found,,Needs simulation — position not in atlas
rs535563803,chr17,43044745,,,,"AARSD1,BRCA1,IFI35,LOC124904006,NBR2,PTGES3L,PTGES3L-AARSD1,RND2,RPL21P4,RPL27,RUNDC1,VAT1",GWAS hit in BRCA1 locus,True,BRCA1,0.9993,0.0007000000000000339,3_prime_UTR,False,nearest,59.0,Structural mechanism unlikely — LSSIM near WT
rs8176279,chr17,43058379,,,,"AARSD1,BRCA1,HMGN1P29,IFI35,LOC101929767,LOC124904006,NBR2,PTGES3L,PTGES3L-AARSD1,RND2,RPL21P4,RPL27,RUNDC1,VAT1",GWAS hit in BRCA1 locus,True,BRCA1,0.9992,0.0008000000000000229,intronic,False,exact,0.0,Structural mechanism unlikely — LSSIM near WT
rs7225224,chr17,43329370,,,,"ARL4D,CCDC200,LINC00910,LOC105371785,LOC124904007,LOC124904135,LOC124904136,LOC124904137,LOC124904138,LOC124904139,LOC124904140,LOC124904141,LOC124904142,LOC124904143,LOC124904144,LOC124904145,LOC124904146,LOC124904147,RNU2-1,RNU2-4P,RNU6-1137P,RNU6-470P,U2",GWAS hit in BRCA1 locus,True,BRCA1,,,,False,not_found,,Needs simulation — position not in atlas
rs34766339,chr17,43317431,,,,"ARL4D,CCDC200,LINC00910,LOC105371785,LOC124904007,LOC124904135,LOC124904136,LOC124904137,LOC124904138,LOC124904139,LOC124904140,LOC124904141,LOC124904142,LOC124904143,LOC124904144,LOC124904145,LOC124904146,LOC124904147,RNU2-1,RNU2-4P,RNU6-1137P,RNU6-470P,TMEM106A,U2",GWAS hit in BRCA1 locus,True,BRCA1,,,,False,not_found,,Needs simulation — position not in atlas
rs12940378,chr17,43077369,,,,"BRCA1,BRCA1P1,HMGN1P29,IFI35,LOC101929767,LOC124900391,LOC124904006,NBR1,NBR2,PTGES3L,PTGES3L-AARSD1,RND2,RPL21P4,RPL27,RUNDC1,VAT1",GWAS hit in BRCA1 locus,True,BRCA1,0.9994,0.0006000000000000449,intronic,False,exact,0.0,Structural mechanism unlikely — LSSIM near WT
rs9904639,chr17,43359652,,,,"ARL4D,CCDC200,LINC00910,LOC105371785,LOC124904007,LOC124904139,LOC124904140,LOC124904141,LOC124904142,LOC124904143,LOC124904144,LOC124904145,LOC124904146,LOC124904147,MIR2117,MIR2117HG,RNU2-4P,RNU6-1137P,RNU6-406P,RNU6-470P,U2",GWAS hit in BRCA1 locus,True,BRCA1,,,,False,not_found,,Needs simulation — position not in atlas
rs80084595,chr17,43395196,,,,"ARL4D,CCDC200,DHX8,LINC00910,LOC105371785,LOC124904007,LOC124904112,LOC124904143,LOC124904144,LOC124904147,MIR2117,MIR2117HG,RNU2-4P,RNU6-1137P,RNU6-406P,RNU6-470P,RNU6-971P,RPL29P31,U2",GWAS hit in BRCA1 locus,True,BRCA1,,,,False,not_found,,Needs simulation — position not in atlas
rs8176229,chr17,43068271,,,,"BRCA1,BRCA1P1,HMGN1P29,IFI35,LOC101929767,LOC124900391,LOC124904006,NBR2,PTGES3L,PTGES3L-AARSD1,RND2,RPL21P4,RPL27,RUNDC1,VAT1",GWAS hit in BRCA1 locus,True,BRCA1,0.9992,0.0008000000000000229,intronic,False,exact,0.0,Structural mechanism unlikely — LSSIM near WT
rs67319965,chr17,43361361,,,,"ARL4D,CCDC200,LINC00910,LOC105371785,LOC124904007,LOC124904139,LOC124904140,LOC124904141,LOC124904142,LOC124904143,LOC124904144,LOC124904145,LOC124904146,LOC124904147,MIR2117,MIR2117HG,RNU2-4P,RNU6-1137P,RNU6-406P,RNU6-470P,U2",GWAS hit in BRCA1 locus,True,BRCA1,,,,False,not_found,,Needs simulation — position not in atlas
rs199735290,chr17,43368091,,,,"ARL4D,CCDC200,LINC00910,LOC105371785,LOC124904007,LOC124904140,LOC124904141,LOC124904142,LOC124904143,LOC124904144,LOC124904145,LOC124904146,LOC124904147,MIR2117,MIR2117HG,RNU2-4P,RNU6-1137P,RNU6-406P,RNU6-470P,U2",GWAS hit in BRCA1 locus,True,BRCA1,,,,False,not_found,,Needs simulation — position not in atlas
rs16942,chr17,43091983,,,,"BRCA1,BRCA1P1,HMGN1P29,IFI35,LOC101929767,LOC124900391,LOC124904006,NBR1,NBR2,RND2,RPL21P4,RPL27,RUNDC1,VAT1",GWAS hit in BRCA1 locus,True,BRCA1,0.9998,0.00019999999999997797,synonymous,False,exact,0.0,Structural mechanism unlikely — LSSIM near WT
rs8176071,chr17,43125989,,,,"BRCA1,BRCA1P1,CCDC200,HMGN1P29,LOC101929767,LOC124900391,NBR1,NBR2,RND2,RPL21P4,TMEM106A",GWAS hit in BRCA1 locus,True,BRCA1,0.965,0.03500000000000003,5_prime_UTR,False,nearest,10.0,"Ambiguous — ΔLSSIM=0.0350, intergenic, needs experimental follow-up"
rs199625942,chr17,43145739,,,,"BRCA1,BRCA1P1,CCDC200,HMGN1P29,LOC101929767,LOC124900391,LOC124904135,LOC124904136,LOC124904137,NBR1,NBR2,RNU2-1,RPL21P4,TMEM106A,U2",GWAS hit in BRCA1 locus,True,BRCA1,,,,False,not_found,,Needs simulation — position not in atlas
rs35310982,chr17,43311432,,,,"ARL4D,CCDC200,LINC00910,LOC105371785,LOC124904007,LOC124904135,LOC124904136,LOC124904137,LOC124904138,LOC124904139,LOC124904140,LOC124904141,LOC124904142,LOC124904143,LOC124904144,LOC124904145,LOC124904146,LOC124904147,NBR1,RNU2-1,RNU2-4P,RNU6-1137P,TMEM106A,U2",GWAS hit in BRCA1 locus,True,BRCA1,,,,False,not_found,,Needs simulation — position not in atlas
rs72831095,chr17,43367957,,,,"ARL4D,CCDC200,LINC00910,LOC105371785,LOC124904007,LOC124904140,LOC124904141,LOC124904142,LOC124904143,LOC124904144,LOC124904145,LOC124904146,LOC124904147,MIR2117,MIR2117HG,RNU2-4P,RNU6-1137P,RNU6-406P,RNU6-470P,U2",GWAS hit in BRCA1 locus,True,BRCA1,,,,False,not_found,,Needs simulation — position not in atlas
rs113905686,chr17,43392089,,,,"ARL4D,CCDC200,DHX8,LINC00910,LOC105371785,LOC124904007,LOC124904112,LOC124904143,LOC124904144,LOC124904147,MIR2117,MIR2117HG,RNU2-4P,RNU6-1137P,RNU6-406P,RNU6-470P,RNU6-971P,RPL29P31,U2",GWAS hit in BRCA1 locus,True,BRCA1,,,,False,not_found,,Needs simulation — position not in atlas
rs753396,chr17,43399475,,,,"ARL4D,CCDC200,DHX8,LINC00910,LOC105371785,LOC124904007,LOC124904112,LOC124904144,LOC124904147,MIR2117,MIR2117HG,RNU2-4P,RNU6-1137P,RNU6-406P,RNU6-470P,RNU6-971P,RPL29P31,U2",GWAS hit in BRCA1 locus,True,BRCA1,,,,False,not_found,,Needs simulation — position not in atlas
rs149794787,chr17,43437725,,,,"ARL4D,DHX8,ETV4,LINC00910,LOC105371785,LOC124904007,LOC124904112,LOC124904147,MIR2117,MIR2117HG,RNU2-4P,RNU6-1137P,RNU6-406P,RNU6-470P,RNU6-971P,RPL29P31",GWAS hit in BRCA1 locus,True,BRCA1,,,,False,not_found,,Needs simulation — position not in atlas
rs34672900,chr17,43129533,,,,"BRCA1,BRCA1P1,CCDC200,HMGN1P29,LOC101929767,LOC124900391,NBR1,NBR2,RND2,RPL21P4,TMEM106A",GWAS hit in BRCA1 locus,True,BRCA1,0.9714,0.02859999999999996,other,False,nearest,1666.0,"Ambiguous — ΔLSSIM=0.0286, intergenic, needs experimental follow-up"
rs34778048,chr17,43375410,,,,"ARL4D,CCDC200,LINC00910,LOC105371785,LOC124904007,LOC124904141,LOC124904142,LOC124904143,LOC124904144,LOC124904145,LOC124904147,MIR2117,MIR2117HG,RNU2-4P,RNU6-1137P,RNU6-406P,RNU6-470P,RNU6-971P,U2",GWAS hit in BRCA1 locus,True,BRCA1,,,,False,not_found,,Needs simulation — position not in atlas
rs5820482,chr17,43073638,,,,"BRCA1,BRCA1P1,HMGN1P29,IFI35,LOC101929767,LOC124900391,LOC124904006,NBR1,NBR2,PTGES3L,PTGES3L-AARSD1,RND2,RPL21P4,RPL27,RUNDC1,VAT1",GWAS hit in BRCA1 locus,True,BRCA1,0.9955,0.0044999999999999485,splice_region,False,exact,0.0,Structural mechanism unlikely — LSSIM near WT
rs8176215,chr17,43073766,,,,"BRCA1,BRCA1P1,HMGN1P29,IFI35,LOC101929767,LOC124900391,LOC124904006,NBR1,NBR2,PTGES3L,PTGES3L-AARSD1,RND2,RPL21P4,RPL27,RUNDC1,VAT1",GWAS hit in BRCA1 locus,True,BRCA1,0.9991,0.0009000000000000119,intronic,False,exact,0.0,Structural mechanism unlikely — LSSIM near WT
rs575427180,chr17,43315886,,,,"ARL4D,CCDC200,LINC00910,LOC105371785,LOC124904007,LOC124904135,LOC124904136,LOC124904137,LOC124904138,LOC124904139,LOC124904140,LOC124904141,LOC124904142,LOC124904143,LOC124904144,LOC124904145,LOC124904146,LOC124904147,RNU2-1,RNU2-4P,RNU6-1137P,RNU6-470P,TMEM106A,U2",GWAS hit in BRCA1 locus,True,BRCA1,,,,False,not_found,,Needs simulation — position not in atlas
rs111563093,chr17,43410037,,,,"ARL4D,DHX8,LINC00910,LOC105371785,LOC124904007,LOC124904112,LOC124904147,MIR2117,MIR2117HG,RNU2-4P,RNU6-1137P,RNU6-406P,RNU6-470P,RNU6-971P,RPL29P31",GWAS hit in BRCA1 locus,True,BRCA1,,,,False,not_found,,Needs simulation — position not in atlas
rs138188004,chr17,43146393,,,,"BRCA1,BRCA1P1,CCDC200,HMGN1P29,LOC101929767,LOC124900391,LOC124904135,LOC124904136,LOC124904137,NBR1,NBR2,RNU2-1,RPL21P4,TMEM106A,U2",GWAS hit in BRCA1 locus,True,BRCA1,,,,False,not_found,,Needs simulation — position not in atlas
rs56799554,chr17,43379045,,,,"ARL4D,CCDC200,LINC00910,LOC105371785,LOC124904007,LOC124904142,LOC124904143,LOC124904144,LOC124904145,LOC124904147,MIR2117,MIR2117HG,RNU2-4P,RNU6-1137P,RNU6-406P,RNU6-470P,RNU6-971P,RPL29P31,U2",GWAS hit in BRCA1 locus,True,BRCA1,,,,False,not_found,,Needs simulation — position not in atlas
rs186398347,chr17,43183699,,,,"BRCA1,BRCA1P1,CCDC200,HMGN1P29,LOC101929767,LOC124900391,LOC124904135,LOC124904136,LOC124904137,LOC124904138,LOC124904139,LOC124904140,LOC124904141,LOC124904146,NBR1,NBR2,RNU2-1,TMEM106A,U2",GWAS hit in BRCA1 locus,True,BRCA1,,,,False,not_found,,Needs simulation — position not in atlas
rs545406926,chr17,43183966,,,,"BRCA1,BRCA1P1,CCDC200,HMGN1P29,LOC101929767,LOC124900391,LOC124904135,LOC124904136,LOC124904137,LOC124904138,LOC124904139,LOC124904140,LOC124904141,LOC124904146,NBR1,NBR2,RNU2-1,TMEM106A,U2",GWAS hit in BRCA1 locus,True,BRCA1,,,,False,not_found,,Needs simulation — position not in atlas
rs17599948,chr17,43201393,,,,"BRCA1,BRCA1P1,CCDC200,HMGN1P29,LOC101929767,LOC124900391,LOC124904135,LOC124904136,LOC124904137,LOC124904138,LOC124904139,LOC124904140,LOC124904141,LOC124904142,LOC124904143,LOC124904144,LOC124904145,LOC124904146,NBR1,NBR2,RNU2-1,TMEM106A,U2",GWAS hit in BRCA1 locus,True,BRCA1,,,,False,not_found,,Needs simulation — position not in atlas
rs149153680,chr17,43225387,,,,"BRCA1,BRCA1P1,CCDC200,HMGN1P29,LOC101929767,LOC124900391,LOC124904135,LOC124904136,LOC124904137,LOC124904138,LOC124904139,LOC124904140,LOC124904141,LOC124904142,LOC124904143,LOC124904144,LOC124904145,LOC124904146,NBR1,NBR2,RNU2-1,TMEM106A,U2",GWAS hit in BRCA1 locus,True,BRCA1,,,,False,not_found,,Needs simulation — position not in atlas
rs189352191,chr17,43106203,,,,"BRCA1,BRCA1P1,HMGN1P29,IFI35,LOC101929767,LOC124900391,NBR1,NBR2,RND2,RPL21P4,VAT1",GWAS hit in BRCA1 locus,True,BRCA1,0.9996,0.00039999999999995595,intronic,False,nearest,72.0,Structural mechanism unlikely — LSSIM near WT
rs799903,chr17,43122889,,,,"BRCA1,BRCA1P1,CCDC200,HMGN1P29,LOC101929767,LOC124900391,NBR1,NBR2,RND2,RPL21P4,TMEM106A,VAT1",GWAS hit in BRCA1 locus,True,BRCA1,0.977,0.02300000000000002,splice_region,False,exact,0.0,"Ambiguous — ΔLSSIM=0.0230, intergenic, needs experimental follow-up"
rs6503727,chr17,43160842,,,,"BRCA1,BRCA1P1,CCDC200,HMGN1P29,LOC101929767,LOC124900391,LOC124904135,LOC124904136,LOC124904137,LOC124904138,NBR1,NBR2,RNU2-1,RPL21P4,TMEM106A,U2",GWAS hit in BRCA1 locus,True,BRCA1,,,,False,not_found,,Needs simulation — position not in atlas
rs72831075,chr17,43180717,,,,"BRCA1,BRCA1P1,CCDC200,HMGN1P29,LOC101929767,LOC124900391,LOC124904135,LOC124904136,LOC124904137,LOC124904138,LOC124904139,LOC124904140,LOC124904141,LOC124904146,NBR1,NBR2,RNU2-1,TMEM106A,U2",GWAS hit in BRCA1 locus,True,BRCA1,,,,False,not_found,,Needs simulation — position not in atlas
rs112693602,chr17,43192953,,,,"BRCA1,BRCA1P1,CCDC200,HMGN1P29,LOC101929767,LOC124900391,LOC124904135,LOC124904136,LOC124904137,LOC124904138,LOC124904139,LOC124904140,LOC124904141,LOC124904142,LOC124904145,LOC124904146,NBR1,NBR2,RNU2-1,TMEM106A,U2",GWAS hit in BRCA1 locus,True,BRCA1,,,,False,not_found,,Needs simulation — position not in atlas
rs12941945,chr17,43370860,,,,"ARL4D,CCDC200,LINC00910,LOC105371785,LOC124904007,LOC124904140,LOC124904141,LOC124904142,LOC124904143,LOC124904144,LOC124904145,LOC124904146,LOC124904147,MIR2117,MIR2117HG,RNU2-4P,RNU6-1137P,RNU6-406P,RNU6-470P,U2",GWAS hit in BRCA1 locus,True,BRCA1,,,,False,not_found,,Needs simulation — position not in atlas
rs2236762,chr17,43074658,,,,"BRCA1,BRCA1P1,HMGN1P29,IFI35,LOC101929767,LOC124900391,LOC124904006,NBR1,NBR2,PTGES3L,PTGES3L-AARSD1,RND2,RPL21P4,RPL27,RUNDC1,VAT1",GWAS hit in BRCA1 locus,True,BRCA1,0.9992,0.0008000000000000229,intronic,False,exact,0.0,Structural mechanism unlikely — LSSIM near WT
rs8176166,chr17,43088260,,,,"BRCA1,BRCA1P1,HMGN1P29,IFI35,LOC101929767,LOC124900391,LOC124904006,NBR1,NBR2,RND2,RPL21P4,RPL27,RUNDC1,VAT1",GWAS hit in BRCA1 locus,True,BRCA1,0.9994,0.0006000000000000449,intronic,False,exact,0.0,Structural mechanism unlikely — LSSIM near WT
rs80357922,chr17,43093535,,,,"BRCA1,BRCA1P1,HMGN1P29,IFI35,LOC101929767,LOC124900391,LOC124904006,NBR1,NBR2,RND2,RPL21P4,RPL27,RUNDC1,VAT1",GWAS hit in BRCA1 locus,True,BRCA1,0.9998,0.00019999999999997797,synonymous,False,exact,0.0,Structural mechanism unlikely — LSSIM near WT
rs112547828,chr17,43308720,,,,"ARL4D,CCDC200,LINC00910,LOC105371785,LOC124904007,LOC124904135,LOC124904136,LOC124904137,LOC124904138,LOC124904139,LOC124904140,LOC124904141,LOC124904142,LOC124904143,LOC124904144,LOC124904145,LOC124904146,LOC124904147,NBR1,RNU2-1,RNU2-4P,RNU6-1137P,TMEM106A,U2",GWAS hit in BRCA1 locus,True,BRCA1,,,,False,not_found,,Needs simulation — position not in atlas
rs147832718,chr17,43366279,,,,"ARL4D,CCDC200,LINC00910,LOC105371785,LOC124904007,LOC124904139,LOC124904140,LOC124904141,LOC124904142,LOC124904143,LOC124904144,LOC124904145,LOC124904146,LOC124904147,MIR2117,MIR2117HG,RNU2-4P,RNU6-1137P,RNU6-406P,RNU6-470P,U2",GWAS hit in BRCA1 locus,True,BRCA1,,,,False,not_found,,Needs simulation — position not in atlas
rs567534295,chr17,43048090,,,,"AARSD1,BRCA1,HMGN1P29,IFI35,LOC124904006,NBR2,PTGES3L,PTGES3L-AARSD1,RND2,RPL21P4,RPL27,RUNDC1,VAT1",GWAS hit in BRCA1 locus,True,BRCA1,0.9995,0.0004999999999999449,intronic,False,nearest,2.0,Structural mechanism unlikely — LSSIM near WT
rs8176255,chr17,43064324,,,,"AARSD1,BRCA1,HMGN1P29,IFI35,LOC101929767,LOC124900391,LOC124904006,NBR2,PTGES3L,PTGES3L-AARSD1,RND2,RPL21P4,RPL27,RUNDC1,VAT1",GWAS hit in BRCA1 locus,True,BRCA1,0.9992,0.0008000000000000229,intronic,False,exact,0.0,Structural mechanism unlikely — LSSIM near WT
rs1799949,chr17,43093449,,,,"BRCA1,BRCA1P1,HMGN1P29,IFI35,LOC101929767,LOC124900391,LOC124904006,NBR1,NBR2,RND2,RPL21P4,RPL27,RUNDC1,VAT1",GWAS hit in BRCA1 locus,True,BRCA1,0.9844,0.015599999999999947,frameshift,False,exact,0.0,"Ambiguous — ΔLSSIM=0.0156, intergenic, needs experimental follow-up"
rs80357190,chr17,43104258,,,,"BRCA1,BRCA1P1,HMGN1P29,IFI35,LOC101929767,LOC124900391,NBR1,NBR2,RND2,RPL21P4,VAT1",GWAS hit in BRCA1 locus,True,BRCA1,0.9999,9.999999999998899e-05,synonymous,False,exact,0.0,Structural mechanism unlikely — LSSIM near WT
rs113186018,chr17,43345101,,,,"ARL4D,CCDC200,LINC00910,LOC105371785,LOC124904007,LOC124904137,LOC124904138,LOC124904139,LOC124904140,LOC124904141,LOC124904142,LOC124904143,LOC124904144,LOC124904145,LOC124904146,LOC124904147,MIR2117,MIR2117HG,RNU2-4P,RNU6-1137P,RNU6-470P,U2",GWAS hit in BRCA1 locus,True,BRCA1,,,,False,not_found,,Needs simulation — position not in atlas
rs11079338,chr17,43418055,,,,"ARL4D,DHX8,LINC00910,LOC105371785,LOC124904007,LOC124904112,LOC124904147,MIR2117,MIR2117HG,RNU2-4P,RNU6-1137P,RNU6-406P,RNU6-470P,RNU6-971P,RPL29P31",GWAS hit in BRCA1 locus,True,BRCA1,,,,False,not_found,,Needs simulation — position not in atlas
rs572844427,chr17,7664360,,,,"ATP1B2,CD68,DNAH2,EFNB3,EIF4A1,FXR2,LOC124904134,MPDU1,MPDU1-AS1,RPL29P2,SAT2,SENP3,SENP3-EIF4A1,SHBG,SNORA48,SNORA67,SNORD10,SOX15,TP53,TRUND-NNN6-1,WRAP53",GWAS hit in TP53 locus,True,TP53,0.9989,0.0010999999999999899,other,False,nearest,1833.0,Structural mechanism unlikely — LSSIM near WT
rs572488097,chr17,7664416,,,,"ATP1B2,CD68,DNAH2,EFNB3,EIF4A1,FXR2,LOC124904134,MPDU1,MPDU1-AS1,RPL29P2,SAT2,SENP3,SENP3-EIF4A1,SHBG,SNORA48,SNORA67,SNORD10,SOX15,TP53,TRUND-NNN6-1,WRAP53",GWAS hit in TP53 locus,True,TP53,0.9989,0.0010999999999999899,other,False,nearest,1777.0,Structural mechanism unlikely — LSSIM near WT
rs17880604,chr17,7674326,,,,"ATP1B2,CD68,DNAH2,EFNB3,EIF4A1,FXR2,LOC124904134,MPDU1,MPDU1-AS1,RPL29P2,SAT2,SENP3-EIF4A1,SHBG,SNORA48,SNORA67,SNORD10,SOX15,TP53,TRUND-NNN6-1,WRAP53",GWAS hit in TP53 locus,True,TP53,0.9982,0.0018000000000000238,intronic,False,exact,0.0,Structural mechanism unlikely — LSSIM near WT
rs72829457,chr17,7665009,,,,"ATP1B2,CD68,DNAH2,EFNB3,EIF4A1,FXR2,LOC124904134,MPDU1,MPDU1-AS1,RPL29P2,SAT2,SENP3,SENP3-EIF4A1,SHBG,SNORA48,SNORA67,SNORD10,SOX15,TP53,TRUND-NNN6-1,WRAP53",GWAS hit in TP53 locus,True,TP53,0.9989,0.0010999999999999899,other,False,nearest,1184.0,Structural mechanism unlikely — LSSIM near WT
rs201214141,chr17,7665394,,,,"ATP1B2,CD68,DNAH2,EFNB3,EIF4A1,FXR2,LOC124904134,MPDU1,MPDU1-AS1,RPL29P2,SAT2,SENP3,SENP3-EIF4A1,SHBG,SNORA48,SNORA67,SNORD10,SOX15,TP53,TRUND-NNN6-1,WRAP53",GWAS hit in TP53 locus,True,TP53,0.9989,0.0010999999999999899,other,False,nearest,799.0,Structural mechanism unlikely — LSSIM near WT
rs17884512,chr17,7666998,,,,"ATP1B2,CD68,DNAH2,EFNB3,EIF4A1,FXR2,LOC124904134,MPDU1,MPDU1-AS1,RPL29P2,SAT2,SENP3,SENP3-EIF4A1,SHBG,SNORA48,SNORA67,SNORD10,SOX15,TP53,TRUND-NNN6-1,WRAP53",GWAS hit in TP53 locus,True,TP53,0.9989,0.0010999999999999899,other,False,nearest,805.0,Structural mechanism unlikely — LSSIM near WT
rs12949853,chr17,7667560,,,,"ATP1B2,CD68,DNAH2,EFNB3,EIF4A1,FXR2,LOC124904134,MPDU1,MPDU1-AS1,RPL29P2,SAT2,SENP3,SENP3-EIF4A1,SHBG,SNORA48,SNORA67,SNORD10,SOX15,TP53,TRUND-NNN6-1,WRAP53",GWAS hit in TP53 locus,True,TP53,0.999,0.0010000000000000009,other,False,nearest,314.0,Structural mechanism unlikely — LSSIM near WT
rs6503048,chr17,7669911,,,,"ATP1B2,CD68,DNAH2,EFNB3,EIF4A1,FXR2,LOC124904134,MPDU1,MPDU1-AS1,RPL29P2,SAT2,SENP3,SENP3-EIF4A1,SHBG,SNORA48,SNORA67,SNORD10,SOX15,TP53,TRUND-NNN6-1,WRAP53",GWAS hit in TP53 locus,True,TP53,0.9998,0.00019999999999997797,intronic,False,exact,0.0,Structural mechanism unlikely — LSSIM near WT
rs17882854,chr17,7685362,,,,"ATP1B2,DNAH2,EFNB3,FXR2,LOC124904134,MPDU1,RPL29P2,SAT2,SHBG,SOX15,TP53,TRUND-NNN6-1,WRAP53",GWAS hit in TP53 locus,True,TP53,0.9443,0.05569999999999997,other,True,nearest,1746.0,GWAS hit explained by structural disruption (pearl)
rs34289079,chr17,7690001,,,,"ATP1B2,DNAH2,EFNB3,FXR2,LOC124904134,MPDU1,RPL29P2,SAT2,SHBG,SOX15,TP53,TRUND-NNN6-1,WRAP53",GWAS hit in TP53 locus,True,TP53,0.9993,0.0007000000000000339,synonymous,False,nearest,321.0,Structural mechanism unlikely — LSSIM near WT
rs9894946,chr17,7667762,,,,"ATP1B2,CD68,DNAH2,EFNB3,EIF4A1,FXR2,LOC124904134,MPDU1,MPDU1-AS1,RPL29P2,SAT2,SENP3,SENP3-EIF4A1,SHBG,SNORA48,SNORA67,SNORD10,SOX15,TP53,TRUND-NNN6-1,WRAP53",GWAS hit in TP53 locus,True,TP53,0.999,0.0010000000000000009,other,False,nearest,112.0,Structural mechanism unlikely — LSSIM near WT
rs78378222,chr17,7668434,,,,"ATP1B2,CD68,DNAH2,EFNB3,EIF4A1,FXR2,LOC124904134,MPDU1,MPDU1-AS1,RPL29P2,SAT2,SENP3,SENP3-EIF4A1,SHBG,SNORA48,SNORA67,SNORD10,SOX15,TP53,TRUND-NNN6-1,WRAP53",GWAS hit in TP53 locus,True,TP53,0.9996,0.00039999999999995595,3_prime_UTR,False,exact,0.0,Structural mechanism unlikely — LSSIM near WT
rs1180886598,chr17,7681962,,,,"ATP1B2,CD68,DNAH2,EFNB3,FXR2,LOC124904134,MPDU1,MPDU1-AS1,RPL29P2,SAT2,SHBG,SOX15,TP53,TRUND-NNN6-1,WRAP53",GWAS hit in TP53 locus,True,TP53,,,,False,not_found,,Needs simulation — position not in atlas
rs12949655,chr17,7672415,,,,"ATP1B2,CD68,DNAH2,EFNB3,EIF4A1,FXR2,LOC124904134,MPDU1,MPDU1-AS1,RPL29P2,SAT2,SENP3-EIF4A1,SHBG,SNORA48,SNORA67,SNORD10,SOX15,TP53,TRUND-NNN6-1,WRAP53",GWAS hit in TP53 locus,True,TP53,0.9993,0.0007000000000000339,intronic,False,nearest,543.0,Structural mechanism unlikely — LSSIM near WT
rs17881850,chr17,7669739,,,,"ATP1B2,CD68,DNAH2,EFNB3,EIF4A1,FXR2,LOC124904134,MPDU1,MPDU1-AS1,RPL29P2,SAT2,SENP3,SENP3-EIF4A1,SHBG,SNORA48,SNORA67,SNORD10,SOX15,TP53,TRUND-NNN6-1,WRAP53",GWAS hit in TP53 locus,True,TP53,0.9998,0.00019999999999997797,intronic,False,exact,0.0,Structural mechanism unlikely — LSSIM near WT
rs1641549,chr17,7671457,,,,"ATP1B2,CD68,DNAH2,EFNB3,EIF4A1,FXR2,LOC124904134,MPDU1,MPDU1-AS1,RPL29P2,SAT2,SENP3,SENP3-EIF4A1,SHBG,SNORA48,SNORA67,SNORD10,SOX15,TP53,TRUND-NNN6-1,WRAP53",GWAS hit in TP53 locus,True,TP53,0.9998,0.00019999999999997797,intronic,False,nearest,701.0,Structural mechanism unlikely — LSSIM near WT
rs35850753,chr17,7675353,,,,"ATP1B2,CD68,DNAH2,EFNB3,EIF4A1,FXR2,LOC124904134,MPDU1,MPDU1-AS1,RPL29P2,SAT2,SENP3-EIF4A1,SHBG,SNORA67,SNORD10,SOX15,TP53,TRUND-NNN6-1,WRAP53",GWAS hit in TP53 locus,True,TP53,0.9986,0.0013999999999999568,intronic,False,exact,0.0,Structural mechanism unlikely — LSSIM near WT
rs201753350,chr17,7676387,,,,"ATP1B2,CD68,DNAH2,EFNB3,EIF4A1,FXR2,LOC124904134,MPDU1,MPDU1-AS1,RPL29P2,SAT2,SENP3-EIF4A1,SHBG,SNORA67,SNORD10,SOX15,TP53,TRUND-NNN6-1,WRAP53",GWAS hit in TP53 locus,True,TP53,0.9824,0.01759999999999995,frameshift,False,exact,0.0,"Ambiguous — ΔLSSIM=0.0176, intergenic, needs experimental follow-up"
rs17880847,chr17,7670579,,,,"ATP1B2,CD68,DNAH2,EFNB3,EIF4A1,FXR2,LOC124904134,MPDU1,MPDU1-AS1,RPL29P2,SAT2,SENP3,SENP3-EIF4A1,SHBG,SNORA48,SNORA67,SNORD10,SOX15,TP53,TRUND-NNN6-1,WRAP53",GWAS hit in TP53 locus,True,TP53,0.9998,0.00019999999999997797,intronic,False,exact,0.0,Structural mechanism unlikely — LSSIM near WT
rs1642792,chr17,7672833,,,,"ATP1B2,CD68,DNAH2,EFNB3,EIF4A1,FXR2,LOC124904134,MPDU1,MPDU1-AS1,RPL29P2,SAT2,SENP3-EIF4A1,SHBG,SNORA48,SNORA67,SNORD10,SOX15,TP53,TRUND-NNN6-1,WRAP53",GWAS hit in TP53 locus,True,TP53,0.9993,0.0007000000000000339,intronic,False,nearest,125.0,Structural mechanism unlikely — LSSIM near WT
rs1625895,chr17,7674797,,,,"ATP1B2,CD68,DNAH2,EFNB3,EIF4A1,FXR2,LOC124904134,MPDU1,MPDU1-AS1,RPL29P2,SAT2,SENP3-EIF4A1,SHBG,SNORA48,SNORA67,SNORD10,SOX15,TP53,TRUND-NNN6-1,WRAP53",GWAS hit in TP53 locus,True,TP53,0.9981,0.0019000000000000128,intronic,False,exact,0.0,Structural mechanism unlikely — LSSIM near WT
rs2909430,chr17,7675327,,,,"ATP1B2,CD68,DNAH2,EFNB3,EIF4A1,FXR2,LOC124904134,MPDU1,MPDU1-AS1,RPL29P2,SAT2,SENP3-EIF4A1,SHBG,SNORA67,SNORD10,SOX15,TP53,TRUND-NNN6-1,WRAP53",GWAS hit in TP53 locus,True,TP53,0.9985,0.0014999999999999458,intronic,False,exact,0.0,Structural mechanism unlikely — LSSIM near WT
rs74351250,chr17,7666224,,,,"ATP1B2,CD68,DNAH2,EFNB3,EIF4A1,FXR2,LOC124904134,MPDU1,MPDU1-AS1,RPL29P2,SAT2,SENP3,SENP3-EIF4A1,SHBG,SNORA48,SNORA67,SNORD10,SOX15,TP53,TRUND-NNN6-1,WRAP53",GWAS hit in TP53 locus,True,TP53,0.9989,0.0010999999999999899,other,False,nearest,31.0,Structural mechanism unlikely — LSSIM near WT
rs17885803,chr17,7689164,,,,"ATP1B2,DNAH2,EFNB3,FXR2,LOC124904134,MPDU1,RPL29P2,SAT2,SHBG,SOX15,TP53,TRUND-NNN6-1,WRAP53",GWAS hit in TP53 locus,True,TP53,0.9993,0.0007000000000000339,synonymous,False,nearest,78.0,Structural mechanism unlikely — LSSIM near WT
rs1042522,chr17,7676154,,,,"ATP1B2,CD68,DNAH2,EFNB3,EIF4A1,FXR2,LOC124904134,MPDU1,MPDU1-AS1,RPL29P2,SAT2,SENP3-EIF4A1,SHBG,SNORA67,SNORD10,SOX15,TP53,TRUND-NNN6-1,WRAP53",GWAS hit in TP53 locus,True,TP53,0.9998,0.00019999999999997797,synonymous,False,exact,0.0,Structural mechanism unlikely — LSSIM near WT
rs4968204,chr17,7667611,,,,"ATP1B2,CD68,DNAH2,EFNB3,EIF4A1,FXR2,LOC124904134,MPDU1,MPDU1-AS1,RPL29P2,SAT2,SENP3,SENP3-EIF4A1,SHBG,SNORA48,SNORA67,SNORD10,SOX15,TP53,TRUND-NNN6-1,WRAP53",GWAS hit in TP53 locus,True,TP53,0.999,0.0010000000000000009,other,False,nearest,263.0,Structural mechanism unlikely — LSSIM near WT
rs1641548,chr17,7671461,,,,"ATP1B2,CD68,DNAH2,EFNB3,EIF4A1,FXR2,LOC124904134,MPDU1,MPDU1-AS1,RPL29P2,SAT2,SENP3,SENP3-EIF4A1,SHBG,SNORA48,SNORA67,SNORD10,SOX15,TP53,TRUND-NNN6-1,WRAP53",GWAS hit in TP53 locus,True,TP53,0.9998,0.00019999999999997797,intronic,False,nearest,705.0,Structural mechanism unlikely — LSSIM near WT
rs55745760,chr17,7665607,,,,"ATP1B2,CD68,DNAH2,EFNB3,EIF4A1,FXR2,LOC124904134,MPDU1,MPDU1-AS1,RPL29P2,SAT2,SENP3,SENP3-EIF4A1,SHBG,SNORA48,SNORA67,SNORD10,SOX15,TP53,TRUND-NNN6-1,WRAP53",GWAS hit in TP53 locus,True,TP53,0.9989,0.0010999999999999899,other,False,nearest,586.0,Structural mechanism unlikely — LSSIM near WT
rs28934576,chr17,7673802,,,,"ATP1B2,CD68,DNAH2,EFNB3,EIF4A1,FXR2,LOC124904134,MPDU1,MPDU1-AS1,RPL29P2,SAT2,SENP3-EIF4A1,SHBG,SNORA48,SNORA67,SNORD10,SOX15,TP53,TRUND-NNN6-1,WRAP53",GWAS hit in TP53 locus,True,TP53,0.9997,0.00029999999999996696,synonymous,False,exact,0.0,Structural mechanism unlikely — LSSIM near WT
rs2287497,chr17,7689462,,,,"ATP1B2,DNAH2,EFNB3,FXR2,LOC124904134,MPDU1,RPL29P2,SAT2,SHBG,SOX15,TP53,TRUND-NNN6-1,WRAP53",GWAS hit in TP53 locus,True,TP53,0.9993,0.0007000000000000339,synonymous,False,nearest,218.0,Structural mechanism unlikely — LSSIM near WT
rs138932666,chr17,7676938,,,,"ATP1B2,CD68,DNAH2,EFNB3,EIF4A1,FXR2,LOC124904134,MPDU1,MPDU1-AS1,RPL29P2,SAT2,SENP3-EIF4A1,SHBG,SNORA67,SNORD10,SOX15,TP53,TRUND-NNN6-1,WRAP53",GWAS hit in TP53 locus,True,TP53,0.9948,0.005199999999999982,other,False,nearest,1.0,Structural mechanism unlikely — LSSIM near WT
rs62062585,chr17,7683763,,,,"ATP1B2,DNAH2,EFNB3,FXR2,LOC124904134,MPDU1,MPDU1-AS1,RPL29P2,SAT2,SHBG,SOX15,TP53,TRUND-NNN6-1,WRAP53",GWAS hit in TP53 locus,True,TP53,,,,False,not_found,,Needs simulation — position not in atlas
rs12940247,chr17,7664385,,,,"ATP1B2,CD68,DNAH2,EFNB3,EIF4A1,FXR2,LOC124904134,MPDU1,MPDU1-AS1,RPL29P2,SAT2,SENP3,SENP3-EIF4A1,SHBG,SNORA48,SNORA67,SNORD10,SOX15,TP53,TRUND-NNN6-1,WRAP53",GWAS hit in TP53 locus,True,TP53,0.9989,0.0010999999999999899,other,False,nearest,1808.0,Structural mechanism unlikely — LSSIM near WT
rs1475747079,chr17,7681503,,,,"ATP1B2,CD68,DNAH2,EFNB3,FXR2,LOC124904134,MPDU1,MPDU1-AS1,RPL29P2,SAT2,SHBG,SOX15,TP53,TRUND-NNN6-1,WRAP53",GWAS hit in TP53 locus,True,TP53,0.9983,0.0017000000000000348,other,False,nearest,1749.0,Structural mechanism unlikely — LSSIM near WT
rs17883687,chr17,7685432,,,,"ATP1B2,DNAH2,EFNB3,FXR2,LOC124904134,MPDU1,RPL29P2,SAT2,SHBG,SOX15,TP53,TRUND-NNN6-1,WRAP53",GWAS hit in TP53 locus,True,TP53,0.9443,0.05569999999999997,other,True,nearest,1676.0,GWAS hit explained by structural disruption (pearl)
rs181067279,chr17,7687056,,,,"ATP1B2,DNAH2,EFNB3,FXR2,LOC124904134,MPDU1,RPL29P2,SAT2,SHBG,SOX15,TP53,TRUND-NNN6-1,WRAP53",GWAS hit in TP53 locus,True,TP53,0.9443,0.05569999999999997,other,True,nearest,52.0,GWAS hit explained by structural disruption (pearl)
rs200805760,chr17,7689680,,,,"ATP1B2,DNAH2,EFNB3,FXR2,LOC124904134,MPDU1,RPL29P2,SAT2,SHBG,SOX15,TP53,TRUND-NNN6-1,WRAP53",GWAS hit in TP53 locus,True,TP53,0.9993,0.0007000000000000339,synonymous,False,exact,0.0,Structural mechanism unlikely — LSSIM near WT
rs181313855,chr17,7689792,,,,"ATP1B2,DNAH2,EFNB3,FXR2,LOC124904134,MPDU1,RPL29P2,SAT2,SHBG,SOX15,TP53,TRUND-NNN6-1,WRAP53",GWAS hit in TP53 locus,True,TP53,0.9993,0.0007000000000000339,synonymous,False,nearest,112.0,Structural mechanism unlikely — LSSIM near WT
rs8073498,chr17,7666380,,,,"ATP1B2,CD68,DNAH2,EFNB3,EIF4A1,FXR2,LOC124904134,MPDU1,MPDU1-AS1,RPL29P2,SAT2,SENP3,SENP3-EIF4A1,SHBG,SNORA48,SNORA67,SNORD10,SOX15,TP53,TRUND-NNN6-1,WRAP53",GWAS hit in TP53 locus,True,TP53,0.9989,0.0010999999999999899,other,False,nearest,187.0,Structural mechanism unlikely — LSSIM near WT
rs78496430,chr17,7662363,,,,"ATP1B2,CD68,DNAH2,EFNB3,EIF4A1,FXR2,LOC124904134,MPDU1,MPDU1-AS1,RPL29P2,SAT2,SENP3,SENP3-EIF4A1,SHBG,SNORA48,SNORA67,SNORD10,SOX15,TP53,TRUND-NNN6-1,WRAP53",GWAS hit in TP53 locus,True,TP53,,,,False,not_found,,Needs simulation — position not in atlas
rs35119871,chr17,7664197,,,,"ATP1B2,CD68,DNAH2,EFNB3,EIF4A1,FXR2,LOC124904134,MPDU1,MPDU1-AS1,RPL29P2,SAT2,SENP3,SENP3-EIF4A1,SHBG,SNORA48,SNORA67,SNORD10,SOX15,TP53,TRUND-NNN6-1,WRAP53",GWAS hit in TP53 locus,True,TP53,0.9989,0.0010999999999999899,other,False,nearest,1996.0,Structural mechanism unlikely — LSSIM near WT
rs17886760,chr17,7667660,,,,"ATP1B2,CD68,DNAH2,EFNB3,EIF4A1,FXR2,LOC124904134,MPDU1,MPDU1-AS1,RPL29P2,SAT2,SENP3,SENP3-EIF4A1,SHBG,SNORA48,SNORA67,SNORD10,SOX15,TP53,TRUND-NNN6-1,WRAP53",GWAS hit in TP53 locus,True,TP53,0.999,0.0010000000000000009,other,False,nearest,214.0,Structural mechanism unlikely — LSSIM near WT
rs749685059,chr5,1280826,,,,"CLPTM1L,LINC01511,LOC124900189,MIR4457,MTCO2P32,SLC6A18,SLC6A19,TERLR1,TERT",GWAS hit in TERT locus,True,TERT,0.9997,0.00029999999999996696,intronic,False,nearest,464.0,Structural mechanism unlikely — LSSIM near WT
rs56158232,chr5,1291620,,,,"CLPTM1L,LINC01511,MIR4457,MTCO2P32,SLC6A18,SLC6A19,TERT",GWAS hit in TERT locus,True,TERT,0.9978,0.0021999999999999797,intronic,False,nearest,1654.0,Structural mechanism unlikely — LSSIM near WT
rs2853672,chr5,1292868,,,,"CLPTM1L,LINC01511,MIR4457,MTCO2P32,SLC6A18,SLC6A19,SLC6A3,TERT",GWAS hit in TERT locus,True,TERT,0.9978,0.0021999999999999797,intronic,False,nearest,406.0,Structural mechanism unlikely — LSSIM near WT
rs2735846,chr5,1299264,,,,"CLPTM1L,LINC01511,MIR4457,MTCO2P32,SLC6A18,SLC6A19,SLC6A3,TERT",GWAS hit in TERT locus,True,TERT,0.9962,0.0038000000000000256,other,False,nearest,271.0,Structural mechanism unlikely — LSSIM near WT
rs402710,chr5,1320607,,,,"CLPTM1L,LINC01511,MIR4457,MTCO2P32,SLC6A18,SLC6A19,SLC6A3,TERT",GWAS hit in TERT locus,True,TERT,,,,False,not_found,,Needs simulation — position not in atlas
rs540821244,chr5,1291705,,,,"CLPTM1L,LINC01511,MIR4457,MTCO2P32,SLC6A18,SLC6A19,TERT",GWAS hit in TERT locus,True,TERT,0.9978,0.0021999999999999797,intronic,False,nearest,1569.0,Structural mechanism unlikely — LSSIM near WT
rs6866294,chr5,1311578,,,,"CLPTM1L,LINC01511,MIR4457,MTCO2P32,SLC6A18,SLC6A19,SLC6A3,TERT",GWAS hit in TERT locus,True,TERT,,,,False,not_found,,Needs simulation — position not in atlas
rs138072238,chr5,1319359,,,,"CLPTM1L,LINC01511,MIR4457,MTCO2P32,SLC6A18,SLC6A19,SLC6A3,TERT",GWAS hit in TERT locus,True,TERT,,,,False,not_found,,Needs simulation — position not in atlas
rs148297846,chr5,1297902,,,,"CLPTM1L,LINC01511,MIR4457,MTCO2P32,SLC6A18,SLC6A19,SLC6A3,TERT",GWAS hit in TERT locus,True,TERT,0.9824,0.01759999999999995,other,False,nearest,529.0,"Ambiguous — ΔLSSIM=0.0176, intergenic, needs experimental follow-up"
rs13178866,chr5,1323097,,,,"CLPTM1L,LINC01511,MIR4457,MTCO2P32,SLC6A18,SLC6A19,SLC6A3,TERT",GWAS hit in TERT locus,True,TERT,,,,False,not_found,,Needs simulation — position not in atlas
rs372756401,chr5,1276655,,,,"CLPTM1L,LINC01511,LOC124900189,MIR4457,MTCO2P32,SLC6A18,SLC6A19,TERLR1,TERT",GWAS hit in TERT locus,True,TERT,0.9995,0.0004999999999999449,intronic,False,nearest,1677.0,Structural mechanism unlikely — LSSIM near WT
rs380286,chr5,1320132,,,,"CLPTM1L,LINC01511,MIR4457,MTCO2P32,SLC6A18,SLC6A19,SLC6A3,TERT",GWAS hit in TERT locus,True,TERT,,,,False,not_found,,Needs simulation — position not in atlas
rs6897196,chr5,1280823,,,,"CLPTM1L,LINC01511,LOC124900189,MIR4457,MTCO2P32,SLC6A18,SLC6A19,TERLR1,TERT",GWAS hit in TERT locus,True,TERT,0.9997,0.00029999999999996696,intronic,False,nearest,461.0,Structural mechanism unlikely — LSSIM near WT
rs35812074,chr5,1267766,,,,"CLPTM1L,LINC01511,LOC124900189,MIR4457,SLC6A18,SLC6A19,TERLR1,TERT",GWAS hit in TERT locus,True,TERT,0.9992,0.0008000000000000229,intronic,False,nearest,583.0,Structural mechanism unlikely — LSSIM near WT
rs4975616,chr5,1315545,,,,"CLPTM1L,LINC01511,MIR4457,MTCO2P32,SLC6A18,SLC6A19,SLC6A3,TERT",GWAS hit in TERT locus,True,TERT,,,,False,not_found,,Needs simulation — position not in atlas
rs465498,chr5,1325688,,,,"CLPTM1L,LINC01511,MIR4457,MTCO2P32,SLC6A18,SLC6A3,TERT",GWAS hit in TERT locus,True,TERT,,,,False,not_found,,Needs simulation — position not in atlas
rs2853687,chr5,1256470,,,,"CLPTM1L,LINC01511,LOC124900189,MIR4457,SLC6A18,SLC6A19,TERLR1,TERT",GWAS hit in TERT locus,True,TERT,0.9992,0.0008000000000000229,intronic,False,nearest,741.0,Structural mechanism unlikely — LSSIM near WT
rs2447853,chr5,1332962,,,,"CLPTM1L,LINC01511,MIR4457,MTCO2P32,SLC6A18,SLC6A3,TERT",GWAS hit in TERT locus,True,TERT,,,,False,not_found,,Needs simulation — position not in atlas
rs2736100,chr5,1286401,,,,"CLPTM1L,LINC01511,MIR4457,MTCO2P32,SLC6A18,SLC6A19,TERT",GWAS hit in TERT locus,True,TERT,0.9996,0.00039999999999995595,intronic,False,exact,0.0,Structural mechanism unlikely — LSSIM near WT
rs71595003,chr5,1292003,,,,"CLPTM1L,LINC01511,MIR4457,MTCO2P32,SLC6A18,SLC6A19,TERT",GWAS hit in TERT locus,True,TERT,0.9978,0.0021999999999999797,intronic,False,nearest,1271.0,Structural mechanism unlikely — LSSIM near WT
rs62332591,chr5,1290204,,,,"CLPTM1L,LINC01511,MIR4457,MTCO2P32,SLC6A18,SLC6A19,TERT",GWAS hit in TERT locus,True,TERT,,,,False,not_found,,Needs simulation — position not in atlas
rs4975612,chr5,1300195,,,,"CLPTM1L,LINC01511,MIR4457,MTCO2P32,SLC6A18,SLC6A19,SLC6A3,TERT",GWAS hit in TERT locus,True,TERT,0.9962,0.0038000000000000256,other,False,nearest,660.0,Structural mechanism unlikely — LSSIM near WT
rs2242652,chr5,1279913,,,,"CLPTM1L,LINC01511,LOC124900189,MIR4457,MTCO2P32,SLC6A18,SLC6A19,TERLR1,TERT",GWAS hit in TERT locus,True,TERT,0.9996,0.00039999999999995595,intronic,False,exact,0.0,Structural mechanism unlikely — LSSIM near WT
rs533191409,chr5,1323273,,,,"CLPTM1L,LINC01511,MIR4457,MTCO2P32,SLC6A18,SLC6A19,SLC6A3,TERT",GWAS hit in TERT locus,True,TERT,,,,False,not_found,,Needs simulation — position not in atlas
rs13172201,chr5,1271546,,,,"CLPTM1L,LINC01511,LOC124900189,MIR4457,MTCO2P32,SLC6A18,SLC6A19,TERLR1,TERT",GWAS hit in TERT locus,True,TERT,0.9994,0.0006000000000000449,intronic,False,exact,0.0,Structural mechanism unlikely — LSSIM near WT
rs776981958,chr5,1279370,,,,"CLPTM1L,LINC01511,LOC124900189,MIR4457,MTCO2P32,SLC6A18,SLC6A19,TERLR1,TERT",GWAS hit in TERT locus,True,TERT,0.9959,0.0040999999999999925,missense,False,exact,0.0,Structural mechanism unlikely — LSSIM near WT
rs4975538,chr5,1280715,,,,"CLPTM1L,LINC01511,LOC124900189,MIR4457,MTCO2P32,SLC6A18,SLC6A19,TERLR1,TERT",GWAS hit in TERT locus,True,TERT,0.9997,0.00029999999999996696,intronic,False,nearest,353.0,Structural mechanism unlikely — LSSIM near WT
rs570266982,chr5,1292518,,,,"CLPTM1L,LINC01511,MIR4457,MTCO2P32,SLC6A18,SLC6A19,TERT",GWAS hit in TERT locus,True,TERT,0.9978,0.0021999999999999797,intronic,False,nearest,756.0,Structural mechanism unlikely — LSSIM near WT
rs3816659,chr5,1317705,,,,"CLPTM1L,LINC01511,MIR4457,MTCO2P32,SLC6A18,SLC6A19,SLC6A3,TERT",GWAS hit in TERT locus,True,TERT,,,,False,not_found,,Needs simulation — position not in atlas
rs549961426,chr5,1333131,,,,"CLPTM1L,LINC01511,MIR4457,MTCO2P32,SLC6A18,SLC6A3,TERT",GWAS hit in TERT locus,True,TERT,,,,False,not_found,,Needs simulation — position not in atlas
rs7726159,chr5,1282204,,,,"CLPTM1L,LINC01511,LOC124900189,MIR4457,MTCO2P32,SLC6A18,SLC6A19,TERLR1,TERT",GWAS hit in TERT locus,True,TERT,0.9996,0.00039999999999995595,intronic,False,exact,0.0,Structural mechanism unlikely — LSSIM near WT
rs4583925,chr5,1248932,,,,"CLPTM1L,LOC124900189,MIR4457,SLC12A7,SLC6A18,SLC6A19,TERLR1,TERT",GWAS hit in TERT locus,True,TERT,,,,False,not_found,,Needs simulation — position not in atlas
rs115451758,chr5,1289162,,,,"CLPTM1L,LINC01511,MIR4457,MTCO2P32,SLC6A18,SLC6A19,TERT",GWAS hit in TERT locus,True,TERT,,,,False,not_found,,Needs simulation — position not in atlas
rs75630086,chr5,1323611,,,,"CLPTM1L,LINC01511,MIR4457,MTCO2P32,SLC6A18,SLC6A19,SLC6A3,TERT",GWAS hit in TERT locus,True,TERT,,,,False,not_found,,Needs simulation — position not in atlas
rs13356727,chr5,1312342,,,,"CLPTM1L,LINC01511,MIR4457,MTCO2P32,SLC6A18,SLC6A19,SLC6A3,TERT",GWAS hit in TERT locus,True,TERT,,,,False,not_found,,Needs simulation — position not in atlas
rs77776598,chr5,1240883,,,,"CLPTM1L,LOC124900189,MIR4457,SLC12A7,SLC6A18,SLC6A19,TERLR1,TERT",GWAS hit in TERT locus,True,TERT,,,,False,not_found,,Needs simulation — position not in atlas
rs36002710,chr5,1281905,,,,"CLPTM1L,LINC01511,LOC124900189,MIR4457,MTCO2P32,SLC6A18,SLC6A19,TERLR1,TERT",GWAS hit in TERT locus,True,TERT,0.9996,0.00039999999999995595,intronic,False,nearest,139.0,Structural mechanism unlikely — LSSIM near WT
rs4246742,chr5,1267241,,,,"CLPTM1L,LINC01511,LOC124900189,MIR4457,SLC6A18,SLC6A19,TERLR1,TERT",GWAS hit in TERT locus,True,TERT,0.9993,0.0007000000000000339,intronic,False,nearest,427.0,Structural mechanism unlikely — LSSIM near WT
rs401681,chr5,1321972,,,,"CLPTM1L,LINC01511,MIR4457,MTCO2P32,SLC6A18,SLC6A19,SLC6A3,TERT",GWAS hit in TERT locus,True,TERT,,,,False,not_found,,Needs simulation — position not in atlas
rs531499034,chr5,1236761,,,,"CLPTM1L,LOC124900189,MIR4457,SLC12A7,SLC6A18,SLC6A19,TERLR1,TERT",GWAS hit in TERT locus,True,TERT,,,,False,not_found,,Needs simulation — position not in atlas
rs13167280,chr5,1280362,,,,"CLPTM1L,LINC01511,LOC124900189,MIR4457,MTCO2P32,SLC6A18,SLC6A19,TERLR1,TERT",GWAS hit in TERT locus,True,TERT,0.9997,0.00029999999999996696,intronic,False,exact,0.0,Structural mechanism unlikely — LSSIM near WT
rs7710703,chr5,1287390,,,,"CLPTM1L,LINC01511,MIR4457,MTCO2P32,SLC6A18,SLC6A19,TERT",GWAS hit in TERT locus,True,TERT,0.9969,0.0030999999999999917,splice_region,False,nearest,311.0,Structural mechanism unlikely — LSSIM near WT
rs527897586,chr5,1295201,,,,"CLPTM1L,LINC01511,MIR4457,MTCO2P32,SLC6A18,SLC6A19,SLC6A3,TERT",GWAS hit in TERT locus,True,TERT,0.9737,0.02629999999999999,5_prime_UTR,False,nearest,6.0,"Ambiguous — ΔLSSIM=0.0263, intergenic, needs experimental follow-up"
rs7449190,chr5,1297803,,,,"CLPTM1L,LINC01511,MIR4457,MTCO2P32,SLC6A18,SLC6A19,SLC6A3,TERT",GWAS hit in TERT locus,True,TERT,0.9824,0.01759999999999995,other,False,nearest,430.0,"Ambiguous — ΔLSSIM=0.0176, intergenic, needs experimental follow-up"
rs421284,chr5,1325475,,,,"CLPTM1L,LINC01511,MIR4457,MTCO2P32,SLC6A18,SLC6A3,TERT",GWAS hit in TERT locus,True,TERT,,,,False,not_found,,Needs simulation — position not in atlas
rs35661976,chr5,1243584,,,,"CLPTM1L,LOC124900189,MIR4457,SLC12A7,SLC6A18,SLC6A19,TERLR1,TERT",GWAS hit in TERT locus,True,TERT,,,,False,not_found,,Needs simulation — position not in atlas
rs112333466,chr5,1249701,,,,"CLPTM1L,LOC124900189,MIR4457,SLC12A7,SLC6A18,SLC6A19,TERLR1,TERT",GWAS hit in TERT locus,True,TERT,,,,False,not_found,,Needs simulation — position not in atlas
rs34685900,chr5,1295688,,,,"CLPTM1L,LINC01511,MIR4457,MTCO2P32,SLC6A18,SLC6A19,SLC6A3,TERT",GWAS hit in TERT locus,True,TERT,0.9555,0.044499999999999984,other,False,nearest,345.0,"Ambiguous — ΔLSSIM=0.0445, intergenic, needs experimental follow-up"
rs11742908,chr5,1270868,,,,"CLPTM1L,LINC01511,LOC124900189,MIR4457,MTCO2P32,SLC6A18,SLC6A19,TERLR1,TERT",GWAS hit in TERT locus,True,TERT,0.9993,0.0007000000000000339,intronic,False,exact,0.0,Structural mechanism unlikely — LSSIM near WT
rs114616103,chr5,1292843,,,,"CLPTM1L,LINC01511,MIR4457,MTCO2P32,SLC6A18,SLC6A19,SLC6A3,TERT",GWAS hit in TERT locus,True,TERT,0.9978,0.0021999999999999797,intronic,False,nearest,431.0,Structural mechanism unlikely — LSSIM near WT
rs7725218,chr5,1282299,,,,"CLPTM1L,LINC01511,LOC124900189,MIR4457,MTCO2P32,SLC6A18,SLC6A19,TERLR1,TERT",GWAS hit in TERT locus,True,TERT,0.9995,0.0004999999999999449,intronic,False,exact,0.0,Structural mechanism unlikely — LSSIM near WT
rs73022241,chr5,1301240,,,,"CLPTM1L,LINC01511,MIR4457,MTCO2P32,SLC6A18,SLC6A19,SLC6A3,TERT",GWAS hit in TERT locus,True,TERT,0.9962,0.0038000000000000256,other,False,nearest,1705.0,Structural mechanism unlikely — LSSIM near WT
rs33987166,chr5,1296643,,,,"CLPTM1L,LINC01511,MIR4457,MTCO2P32,SLC6A18,SLC6A19,SLC6A3,TERT",GWAS hit in TERT locus,True,TERT,0.9826,0.01739999999999997,other,False,nearest,729.0,"Ambiguous — ΔLSSIM=0.0174, intergenic, needs experimental follow-up"
rs34052286,chr5,1292331,,,,"CLPTM1L,LINC01511,MIR4457,MTCO2P32,SLC6A18,SLC6A19,TERT",GWAS hit in TERT locus,True,TERT,0.9978,0.0021999999999999797,intronic,False,nearest,943.0,Structural mechanism unlikely — LSSIM near WT
rs2853667,chr5,1299955,,,,"CLPTM1L,LINC01511,MIR4457,MTCO2P32,SLC6A18,SLC6A19,SLC6A3,TERT",GWAS hit in TERT locus,True,TERT,0.9962,0.0038000000000000256,other,False,nearest,420.0,Structural mechanism unlikely — LSSIM near WT
rs192999400,chr5,1272383,,,,"CLPTM1L,LINC01511,LOC124900189,MIR4457,MTCO2P32,SLC6A18,SLC6A19,TERLR1,TERT",GWAS hit in TERT locus,True,TERT,0.9995,0.0004999999999999449,intronic,False,exact,0.0,Structural mechanism unlikely — LSSIM near WT
rs7713218,chr5,1283197,,,,"CLPTM1L,LINC01511,MIR4457,MTCO2P32,SLC6A18,SLC6A19,TERT",GWAS hit in TERT locus,True,TERT,0.9995,0.0004999999999999449,intronic,False,nearest,275.0,Structural mechanism unlikely — LSSIM near WT
rs11278847,chr5,1280826,,,,"CLPTM1L,LINC01511,LOC124900189,MIR4457,MTCO2P32,SLC6A18,SLC6A19,TERLR1,TERT",GWAS hit in TERT locus,True,TERT,0.9997,0.00029999999999996696,intronic,False,nearest,464.0,Structural mechanism unlikely — LSSIM near WT
rs6420020,chr5,1283931,,,,"CLPTM1L,LINC01511,MIR4457,MTCO2P32,SLC6A18,SLC6A19,TERT",GWAS hit in TERT locus,True,TERT,0.9995,0.0004999999999999449,intronic,False,nearest,1009.0,Structural mechanism unlikely — LSSIM near WT
rs55882184,chr5,1291541,,,,"CLPTM1L,LINC01511,MIR4457,MTCO2P32,SLC6A18,SLC6A19,TERT",GWAS hit in TERT locus,True,TERT,0.9978,0.0021999999999999797,intronic,False,nearest,1733.0,Structural mechanism unlikely — LSSIM near WT
rs13189073,chr5,1307533,,,,"CLPTM1L,LINC01511,MIR4457,MTCO2P32,SLC6A18,SLC6A19,SLC6A3,TERT",GWAS hit in TERT locus,True,TERT,,,,False,not_found,,Needs simulation — position not in atlas
rs381949,chr5,1322353,,,,"CLPTM1L,LINC01511,MIR4457,MTCO2P32,SLC6A18,SLC6A19,SLC6A3,TERT",GWAS hit in TERT locus,True,TERT,,,,False,not_found,,Needs simulation — position not in atlas
rs7705526,chr5,1285859,,,,"CLPTM1L,LINC01511,MIR4457,MTCO2P32,SLC6A18,SLC6A19,TERT",GWAS hit in TERT locus,True,TERT,0.9995,0.0004999999999999449,intronic,False,exact,0.0,Structural mechanism unlikely — LSSIM near WT
rs78368589,chr5,1240089,,,,"CLPTM1L,LOC124900189,MIR4457,SLC12A7,SLC6A18,SLC6A19,TERLR1,TERT",GWAS hit in TERT locus,True,TERT,,,,False,not_found,,Needs simulation — position not in atlas
rs188399318,chr5,1254759,,,,"CLPTM1L,LINC01511,LOC124900189,MIR4457,SLC12A7,SLC6A18,SLC6A19,TERLR1,TERT",GWAS hit in TERT locus,True,TERT,0.9994,0.0006000000000000449,intronic,False,nearest,1.0,Structural mechanism unlikely — LSSIM near WT
rs2736099,chr5,1287225,,,,"CLPTM1L,LINC01511,MIR4457,MTCO2P32,SLC6A18,SLC6A19,TERT",GWAS hit in TERT locus,True,TERT,0.9969,0.0030999999999999917,splice_region,False,nearest,146.0,Structural mechanism unlikely — LSSIM near WT
rs35226131,chr5,1295258,,,,"CLPTM1L,LINC01511,MIR4457,MTCO2P32,SLC6A18,SLC6A19,SLC6A3,TERT",GWAS hit in TERT locus,True,TERT,0.9575,0.04249999999999998,other,False,exact,0.0,"Ambiguous — ΔLSSIM=0.0425, intergenic, needs experimental follow-up"
rs1801075,chr5,1317834,,,,"CLPTM1L,LINC01511,MIR4457,MTCO2P32,SLC6A18,SLC6A19,SLC6A3,TERT",GWAS hit in TERT locus,True,TERT,,,,False,not_found,,Needs simulation — position not in atlas
rs452932,chr5,1330138,,,,"CLPTM1L,LINC01511,MIR4457,MTCO2P32,SLC6A18,SLC6A3,TERT",GWAS hit in TERT locus,True,TERT,,,,False,not_found,,Needs simulation — position not in atlas
rs35535053,chr5,1252857,,,,"CLPTM1L,LOC124900189,MIR4457,SLC12A7,SLC6A18,SLC6A19,TERLR1,TERT",GWAS hit in TERT locus,True,TERT,0.9985,0.0014999999999999458,3_prime_UTR,False,nearest,689.0,Structural mechanism unlikely — LSSIM near WT
rs74829122,chr5,1241450,,,,"CLPTM1L,LOC124900189,MIR4457,SLC12A7,SLC6A18,SLC6A19,TERLR1,TERT",GWAS hit in TERT locus,True,TERT,,,,False,not_found,,Needs simulation — position not in atlas
rs185857822,chr5,1285219,,,,"CLPTM1L,LINC01511,MIR4457,MTCO2P32,SLC6A18,SLC6A19,TERT",GWAS hit in TERT locus,True,TERT,0.9995,0.0004999999999999449,intronic,False,nearest,640.0,Structural mechanism unlikely — LSSIM near WT
rs3215401,chr5,1296141,,,,"CLPTM1L,LINC01511,MIR4457,MTCO2P32,SLC6A18,SLC6A19,SLC6A3,TERT",GWAS hit in TERT locus,True,TERT,0.9555,0.044499999999999984,other,False,nearest,798.0,"Ambiguous — ΔLSSIM=0.0445, intergenic, needs experimental follow-up"
rs4530805,chr5,1306216,,,,"CLPTM1L,LINC01511,MIR4457,MTCO2P32,SLC6A18,SLC6A19,SLC6A3,TERT",GWAS hit in TERT locus,True,TERT,,,,False,not_found,,Needs simulation — position not in atlas
rs4449583,chr5,1284020,,,,"CLPTM1L,LINC01511,MIR4457,MTCO2P32,SLC6A18,SLC6A19,TERT",GWAS hit in TERT locus,True,TERT,0.9995,0.0004999999999999449,intronic,False,nearest,1098.0,Structural mechanism unlikely — LSSIM near WT
rs145127539,chr5,1302631,,,,"CLPTM1L,LINC01511,MIR4457,MTCO2P32,SLC6A18,SLC6A19,SLC6A3,TERT",GWAS hit in TERT locus,True,TERT,,,,False,not_found,,Needs simulation — position not in atlas
rs10866498,chr5,1285047,,,,"CLPTM1L,LINC01511,MIR4457,MTCO2P32,SLC6A18,SLC6A19,TERT",GWAS hit in TERT locus,True,TERT,0.9995,0.0004999999999999449,intronic,False,nearest,812.0,Structural mechanism unlikely — LSSIM near WT
rs2853676,chr5,1288432,,,,"CLPTM1L,LINC01511,MIR4457,MTCO2P32,SLC6A18,SLC6A19,TERT",GWAS hit in TERT locus,True,TERT,0.9969,0.0030999999999999917,splice_region,False,nearest,1353.0,Structural mechanism unlikely — LSSIM near WT
rs6554758,chr5,1310037,,,,"CLPTM1L,LINC01511,MIR4457,MTCO2P32,SLC6A18,SLC6A19,SLC6A3,TERT",GWAS hit in TERT locus,True,TERT,,,,False,not_found,,Needs simulation — position not in atlas
rs6554754,chr5,1297143,,,,"CLPTM1L,LINC01511,MIR4457,MTCO2P32,SLC6A18,SLC6A19,SLC6A3,TERT",GWAS hit in TERT locus,True,TERT,0.9826,0.01739999999999997,other,False,nearest,229.0,"Ambiguous — ΔLSSIM=0.0174, intergenic, needs experimental follow-up"
rs141834468,chr5,1313429,,,,"CLPTM1L,LINC01511,MIR4457,MTCO2P32,SLC6A18,SLC6A19,SLC6A3,TERT",GWAS hit in TERT locus,True,TERT,,,,False,not_found,,Needs simulation — position not in atlas
rs4975540,chr5,1245248,,,,"CLPTM1L,LOC124900189,MIR4457,SLC12A7,SLC6A18,SLC6A19,TERLR1,TERT",GWAS hit in TERT locus,True,TERT,,,,False,not_found,,Needs simulation — position not in atlas
rs139996880,chr5,1284538,,,,"CLPTM1L,LINC01511,MIR4457,MTCO2P32,SLC6A18,SLC6A19,TERT",GWAS hit in TERT locus,True,TERT,0.9995,0.0004999999999999449,intronic,False,nearest,1321.0,Structural mechanism unlikely — LSSIM near WT
rs4635969,chr5,1308437,,,,"CLPTM1L,LINC01511,MIR4457,MTCO2P32,SLC6A18,SLC6A19,SLC6A3,TERT",GWAS hit in TERT locus,True,TERT,,,,False,not_found,,Needs simulation — position not in atlas
rs60622800,chr5,1309789,,,,"CLPTM1L,LINC01511,MIR4457,MTCO2P32,SLC6A18,SLC6A19,SLC6A3,TERT",GWAS hit in TERT locus,True,TERT,,,,False,not_found,,Needs simulation — position not in atlas
rs574093309,chr5,1272435,,,,"CLPTM1L,LINC01511,LOC124900189,MIR4457,MTCO2P32,SLC6A18,SLC6A19,TERLR1,TERT",GWAS hit in TERT locus,True,TERT,0.9995,0.0004999999999999449,intronic,False,nearest,52.0,Structural mechanism unlikely — LSSIM near WT
rs34218850,chr5,1301999,,,,"CLPTM1L,LINC01511,MIR4457,MTCO2P32,SLC6A18,SLC6A19,SLC6A3,TERT",GWAS hit in TERT locus,True,TERT,,,,False,not_found,,Needs simulation — position not in atlas
rs383009,chr5,1327736,,,,"CLPTM1L,LINC01511,MIR4457,MTCO2P32,SLC6A18,SLC6A3,TERT",GWAS hit in TERT locus,True,TERT,,,,False,not_found,,Needs simulation — position not in atlas
rs33977403,chr5,1296612,,,,"CLPTM1L,LINC01511,MIR4457,MTCO2P32,SLC6A18,SLC6A19,SLC6A3,TERT",GWAS hit in TERT locus,True,TERT,0.9826,0.01739999999999997,other,False,nearest,760.0,"Ambiguous — ΔLSSIM=0.0174, intergenic, needs experimental follow-up"
rs421629,chr5,1320021,,,,"CLPTM1L,LINC01511,MIR4457,MTCO2P32,SLC6A18,SLC6A19,SLC6A3,TERT",GWAS hit in TERT locus,True,TERT,,,,False,not_found,,Needs simulation — position not in atlas
rs2075785,chr5,1278469,,,,"CLPTM1L,LINC01511,LOC124900189,MIR4457,MTCO2P32,SLC6A18,SLC6A19,TERLR1,TERT",GWAS hit in TERT locus,True,TERT,0.9996,0.00039999999999995595,intronic,False,exact,0.0,Structural mechanism unlikely — LSSIM near WT
rs2853677,chr5,1287079,,,,"CLPTM1L,LINC01511,MIR4457,MTCO2P32,SLC6A18,SLC6A19,TERT",GWAS hit in TERT locus,True,TERT,0.9969,0.0030999999999999917,splice_region,False,exact,0.0,Structural mechanism unlikely — LSSIM near WT
rs56345976,chr5,1276758,,,,"CLPTM1L,LINC01511,LOC124900189,MIR4457,MTCO2P32,SLC6A18,SLC6A19,TERLR1,TERT",GWAS hit in TERT locus,True,TERT,0.9995,0.0004999999999999449,intronic,False,nearest,1574.0,Structural mechanism unlikely — LSSIM near WT
rs201878870,chr5,1296961,,,,"CLPTM1L,LINC01511,MIR4457,MTCO2P32,SLC6A18,SLC6A19,SLC6A3,TERT",GWAS hit in TERT locus,True,TERT,0.9826,0.01739999999999997,other,False,nearest,411.0,"Ambiguous — ΔLSSIM=0.0174, intergenic, needs experimental follow-up"
rs13190087,chr5,1298618,,,,"CLPTM1L,LINC01511,MIR4457,MTCO2P32,SLC6A18,SLC6A19,SLC6A3,TERT",GWAS hit in TERT locus,True,TERT,0.9962,0.0038000000000000256,other,False,nearest,917.0,Structural mechanism unlikely — LSSIM near WT
rs112401627,chr5,1300154,,,,"CLPTM1L,LINC01511,MIR4457,MTCO2P32,SLC6A18,SLC6A19,SLC6A3,TERT",GWAS hit in TERT locus,True,TERT,0.9962,0.0038000000000000256,other,False,nearest,619.0,Structural mechanism unlikely — LSSIM near WT
rs570902013,chr5,1275026,,,,"CLPTM1L,LINC01511,LOC124900189,MIR4457,MTCO2P32,SLC6A18,SLC6A19,TERLR1,TERT",GWAS hit in TERT locus,True,TERT,,,,False,not_found,,Needs simulation — position not in atlas
rs113136187,chr5,1275935,,,,"CLPTM1L,LINC01511,LOC124900189,MIR4457,MTCO2P32,SLC6A18,SLC6A19,TERLR1,TERT",GWAS hit in TERT locus,True,TERT,,,,False,not_found,,Needs simulation — position not in atlas
rs61748181,chr5,1294051,,,,"CLPTM1L,LINC01511,MIR4457,MTCO2P32,SLC6A18,SLC6A19,SLC6A3,TERT",GWAS hit in TERT locus,True,TERT,0.9525,0.04749999999999999,missense,False,exact,0.0,"Ambiguous — ΔLSSIM=0.0475, intergenic, needs experimental follow-up"
rs2736109,chr5,1296644,,,,"CLPTM1L,LINC01511,MIR4457,MTCO2P32,SLC6A18,SLC6A19,SLC6A3,TERT",GWAS hit in TERT locus,True,TERT,0.9826,0.01739999999999997,other,False,nearest,728.0,"Ambiguous — ΔLSSIM=0.0174, intergenic, needs experimental follow-up"
rs138898092,chr3,37014222,,,,"EPM2AIP1,LRRFIP2,MLH1,PRADC1P1,RNU6ATAC4P,RPL29P11,TRANK1,Y_RNA",GWAS hit in MLH1 locus,True,MLH1,0.9981,0.0019000000000000128,other,False,nearest,1.0,Structural mechanism unlikely — LSSIM near WT
rs796467635,chr3,37048015,,,,"EPM2AIP1,LRRFIP2,MLH1,PRADC1P1,RNU6-1301P,RNU6ATAC4P,RPL29P11,UBE2D3P2,UBE2FP1,Y_RNA",GWAS hit in MLH1 locus,True,MLH1,0.9952,0.0048000000000000265,other,False,nearest,52.0,Structural mechanism unlikely — LSSIM near WT
rs3774338,chr3,37021468,,,,"EPM2AIP1,LRRFIP2,MLH1,PRADC1P1,RNU6ATAC4P,RPL29P11,TRANK1,Y_RNA",GWAS hit in MLH1 locus,True,MLH1,0.9992,0.0008000000000000229,intronic,False,exact,0.0,Structural mechanism unlikely — LSSIM near WT
rs1800734,chr3,36993455,,,,"EPM2AIP1,LRRFIP2,MLH1,PRADC1P1,RNU6ATAC4P,RPL29P11,TRANK1,Y_RNA",GWAS hit in MLH1 locus,True,MLH1,0.9718,0.028200000000000003,5_prime_UTR,False,exact,0.0,"Ambiguous — ΔLSSIM=0.0282, intergenic, needs experimental follow-up"
rs1860968,chr3,37049834,,,,"EPM2AIP1,LRRFIP2,MLH1,PRADC1P1,RNU6-1301P,RNU6ATAC4P,RPL29P11,UBE2D3P2,UBE2FP1,Y_RNA",GWAS hit in MLH1 locus,True,MLH1,0.9991,0.0009000000000000119,intronic,False,nearest,104.0,Structural mechanism unlikely — LSSIM near WT
rs4647222,chr3,37001469,,,,"EPM2AIP1,LRRFIP2,MLH1,PRADC1P1,RNU6ATAC4P,RPL29P11,TRANK1,Y_RNA",GWAS hit in MLH1 locus,True,MLH1,0.9997,0.00029999999999996696,intronic,False,exact,0.0,Structural mechanism unlikely — LSSIM near WT
rs9876116,chr3,37042249,,,,"EPM2AIP1,LRRFIP2,MLH1,PRADC1P1,RNU6-1301P,RNU6ATAC4P,RPL29P11,TRANK1,UBE2D3P2,UBE2FP1,Y_RNA",GWAS hit in MLH1 locus,True,MLH1,0.9993,0.0007000000000000339,intronic,False,exact,0.0,Structural mechanism unlikely — LSSIM near WT
rs11926842,chr3,37046611,,,,"EPM2AIP1,LRRFIP2,MLH1,PRADC1P1,RNU6-1301P,RNU6ATAC4P,RPL29P11,UBE2D3P2,UBE2FP1,Y_RNA",GWAS hit in MLH1 locus,True,MLH1,0.9994,0.0006000000000000449,intronic,False,nearest,644.0,Structural mechanism unlikely — LSSIM near WT
rs28393182,chr3,37001968,,,,"EPM2AIP1,LRRFIP2,MLH1,PRADC1P1,RNU6ATAC4P,RPL29P11,TRANK1,Y_RNA",GWAS hit in MLH1 locus,True,MLH1,0.9997,0.00029999999999996696,intronic,False,nearest,155.0,Structural mechanism unlikely — LSSIM near WT
rs530142532,chr7,117612235,,,,"CFTR,CFTR-AS1,CTTNBP2",GWAS hit in CFTR locus,True,CFTR,0.9992,0.0008000000000000229,intronic,False,nearest,181.0,Structural mechanism unlikely — LSSIM near WT
rs199826652,chr7,117559591,,,,"ANKRD49P4,CFTR,CFTR-AS1,CTTNBP2,LOC105375468",GWAS hit in CFTR locus,True,CFTR,0.9986,0.0013999999999999568,synonymous,False,exact,0.0,Structural mechanism unlikely — LSSIM near WT
rs113993960,chr7,117559591,,,,"ANKRD49P4,CFTR,CFTR-AS1,CTTNBP2,LOC105375468",GWAS hit in CFTR locus,True,CFTR,0.9986,0.0013999999999999568,synonymous,False,exact,0.0,Structural mechanism unlikely — LSSIM near WT
rs76713772,chr7,117587738,,,,"CFTR,CFTR-AS1,CTTNBP2",GWAS hit in CFTR locus,True,CFTR,0.9992,0.0008000000000000229,intronic,False,exact,0.0,Structural mechanism unlikely — LSSIM near WT
rs7802924,chr7,117523562,,,,"ANKRD49P4,ASZ1,CFTR,CFTR-AS1,LOC105375468",GWAS hit in CFTR locus,True,CFTR,0.9991,0.0009000000000000119,intronic,False,nearest,189.0,Structural mechanism unlikely — LSSIM near WT
rs7786196,chr7,117523620,,,,"ANKRD49P4,ASZ1,CFTR,CFTR-AS1,LOC105375468",GWAS hit in CFTR locus,True,CFTR,0.9991,0.0009000000000000119,intronic,False,nearest,247.0,Structural mechanism unlikely — LSSIM near WT
rs35164769,chr7,117655321,,,,"CFTR,CFTR-AS1,CTTNBP2,LOC105375469",GWAS hit in CFTR locus,True,CFTR,,,,False,not_found,,Needs simulation — position not in atlas
rs548335381,chr7,117500412,,,,"ANKRD49P4,ASZ1,CFTR,CFTR-AS1,LOC105375468",GWAS hit in CFTR locus,True,CFTR,0.9984,0.0016000000000000458,splice_region,False,nearest,395.0,Structural mechanism unlikely — LSSIM near WT
rs17451754,chr7,117616658,,,,"CFTR,CFTR-AS1,CTTNBP2,LOC105375469",GWAS hit in CFTR locus,True,CFTR,0.9993,0.0007000000000000339,intronic,False,nearest,164.0,Structural mechanism unlikely — LSSIM near WT
rs4148689,chr7,117503548,,,,"ANKRD49P4,ASZ1,CFTR,CFTR-AS1,LOC105375468",GWAS hit in CFTR locus,True,CFTR,0.9997,0.00029999999999996696,intronic,False,nearest,116.0,Structural mechanism unlikely — LSSIM near WT
rs13438309,chr7,117518588,,,,"ANKRD49P4,ASZ1,CFTR,CFTR-AS1,LOC105375468",GWAS hit in CFTR locus,True,CFTR,0.9992,0.0008000000000000229,intronic,False,nearest,573.0,Structural mechanism unlikely — LSSIM near WT
rs113827944,chr7,117659380,,,,"AC000061.1,AC000111.1,CFTR,CFTR-AS1,CTTNBP2,LOC105375469",GWAS hit in CFTR locus,True,CFTR,0.9994,0.0006000000000000449,intronic,False,nearest,1308.0,Structural mechanism unlikely — LSSIM near WT
rs571037730,chr3,38651954,,,,"SCN10A,SCN5A",GWAS hit in SCN5A locus,True,SCN5A,,,,False,not_found,,Needs simulation — position not in atlas
rs572474770,chr3,38635089,,,,"EXOG,RPL18AP7,SCN10A,SCN5A",GWAS hit in SCN5A locus,True,SCN5A,0.9971,0.0029000000000000137,other,False,nearest,1590.0,Structural mechanism unlikely — LSSIM near WT
rs6599220,chr3,38596503,,,,"DDTP1,EXOG,RPL18AP7,SCN10A,SCN5A,Y_RNA",GWAS hit in SCN5A locus,True,SCN5A,0.9991,0.0009000000000000119,intronic,False,nearest,1053.0,Structural mechanism unlikely — LSSIM near WT
rs6782237,chr3,38655062,,,,"SCN10A,SCN5A",GWAS hit in SCN5A locus,True,SCN5A,,,,False,not_found,,Needs simulation — position not in atlas
rs13061927,chr3,38665861,,,,"SCN10A,SCN5A",GWAS hit in SCN5A locus,True,SCN5A,,,,False,not_found,,Needs simulation — position not in atlas
rs7373862,chr3,38592852,,,,"ACVR2B,DDTP1,EXOG,RPL18AP7,SCN10A,SCN5A,Y_RNA",GWAS hit in SCN5A locus,True,SCN5A,,,,False,not_found,,Needs simulation — position not in atlas
rs6599219,chr3,38596219,,,,"DDTP1,EXOG,RPL18AP7,SCN10A,SCN5A,Y_RNA",GWAS hit in SCN5A locus,True,SCN5A,0.9991,0.0009000000000000119,intronic,False,nearest,1337.0,Structural mechanism unlikely — LSSIM near WT
rs3935184,chr3,38596711,,,,"DDTP1,EXOG,RPL18AP7,SCN10A,SCN5A,Y_RNA",GWAS hit in SCN5A locus,True,SCN5A,0.9991,0.0009000000000000119,intronic,False,nearest,845.0,Structural mechanism unlikely — LSSIM near WT
rs7373492,chr3,38645878,,,,"EXOG,RPL18AP7,SCN10A,SCN5A",GWAS hit in SCN5A locus,True,SCN5A,,,,False,not_found,,Needs simulation — position not in atlas
rs41310232,chr3,38647751,,,,"EXOG,RPL18AP7,SCN10A,SCN5A",GWAS hit in SCN5A locus,True,SCN5A,0.9754,0.024599999999999955,other,False,nearest,1663.0,"Ambiguous — ΔLSSIM=0.0246, intergenic, needs experimental follow-up"
rs45620037,chr3,38613787,,,,"DDTP1,EXOG,RPL18AP7,SCN10A,SCN5A",GWAS hit in SCN5A locus,True,SCN5A,0.9998,0.00019999999999997797,synonymous,False,exact,0.0,Structural mechanism unlikely — LSSIM near WT
rs13059004,chr3,38559746,,,,"ACVR2B,DDTP1,EXOG,RPL18AP7,SCN10A,SCN5A,Y_RNA",GWAS hit in SCN5A locus,True,SCN5A,0.9994,0.0006000000000000449,intronic,False,nearest,319.0,Structural mechanism unlikely — LSSIM near WT
rs7374004,chr3,38584218,,,,"ACVR2B,DDTP1,EXOG,RPL18AP7,SCN10A,SCN5A,Y_RNA",GWAS hit in SCN5A locus,True,SCN5A,0.9992,0.0008000000000000229,intronic,False,nearest,1219.0,Structural mechanism unlikely — LSSIM near WT
rs13084981,chr3,38604508,,,,"DDTP1,EXOG,RPL18AP7,SCN10A,SCN5A,Y_RNA",GWAS hit in SCN5A locus,True,SCN5A,0.9992,0.0008000000000000229,intronic,False,exact,0.0,Structural mechanism unlikely — LSSIM near WT
rs6599222,chr3,38606571,,,,"DDTP1,EXOG,RPL18AP7,SCN10A,SCN5A",GWAS hit in SCN5A locus,True,SCN5A,0.9992,0.0008000000000000229,intronic,False,exact,0.0,Structural mechanism unlikely — LSSIM near WT
rs6599234,chr3,38673809,,,,"SCN10A,SCN5A",GWAS hit in SCN5A locus,True,SCN5A,,,,False,not_found,,Needs simulation — position not in atlas
rs7374540,chr3,38592651,,,,"ACVR2B,DDTP1,EXOG,RPL18AP7,SCN10A,SCN5A,Y_RNA",GWAS hit in SCN5A locus,True,SCN5A,,,,False,not_found,,Needs simulation — position not in atlas
rs7430191,chr3,38612533,,,,"DDTP1,EXOG,RPL18AP7,SCN10A,SCN5A",GWAS hit in SCN5A locus,True,SCN5A,0.9993,0.0007000000000000339,intronic,False,nearest,947.0,Structural mechanism unlikely — LSSIM near WT
rs7433206,chr3,38616217,,,,"EXOG,RPL18AP7,SCN10A,SCN5A",GWAS hit in SCN5A locus,True,SCN5A,0.9993,0.0007000000000000339,intronic,False,nearest,191.0,Structural mechanism unlikely — LSSIM near WT
rs66493370,chr3,38676744,,,,"SCN10A,SCN5A",GWAS hit in SCN5A locus,True,SCN5A,,,,False,not_found,,Needs simulation — position not in atlas
rs73060416,chr3,38680054,,,,"SCN10A,SCN5A",GWAS hit in SCN5A locus,True,SCN5A,,,,False,not_found,,Needs simulation — position not in atlas
rs7638909,chr3,38553482,,,,"ACVR2B,ACVR2B-AS1,DDTP1,EXOG,RPL18AP7,SCN10A,SCN5A,Y_RNA",GWAS hit in SCN5A locus,True,SCN5A,0.9993,0.0007000000000000339,intronic,False,nearest,535.0,Structural mechanism unlikely — LSSIM near WT
rs62241190,chr3,38565977,,,,"ACVR2B,DDTP1,EXOG,RPL18AP7,SCN10A,SCN5A,Y_RNA",GWAS hit in SCN5A locus,True,SCN5A,0.9993,0.0007000000000000339,intronic,False,nearest,130.0,Structural mechanism unlikely — LSSIM near WT
rs41312411,chr3,38579746,,,,"ACVR2B,DDTP1,EXOG,RPL18AP7,SCN10A,SCN5A,Y_RNA",GWAS hit in SCN5A locus,True,SCN5A,0.9992,0.0008000000000000229,intronic,False,exact,0.0,Structural mechanism unlikely — LSSIM near WT
rs9824157,chr3,38592199,,,,"ACVR2B,DDTP1,EXOG,RPL18AP7,SCN10A,SCN5A,Y_RNA",GWAS hit in SCN5A locus,True,SCN5A,,,,False,not_found,,Needs simulation — position not in atlas
rs55824920,chr3,38618461,,,,"EXOG,RPL18AP7,SCN10A,SCN5A",GWAS hit in SCN5A locus,True,SCN5A,,,,False,not_found,,Needs simulation — position not in atlas
rs6793245,chr3,38557546,,,,"ACVR2B,DDTP1,EXOG,RPL18AP7,SCN10A,SCN5A,Y_RNA",GWAS hit in SCN5A locus,True,SCN5A,0.9992,0.0008000000000000229,intronic,False,exact,0.0,Structural mechanism unlikely — LSSIM near WT
rs11720166,chr3,38558321,,,,"ACVR2B,DDTP1,EXOG,RPL18AP7,SCN10A,SCN5A,Y_RNA",GWAS hit in SCN5A locus,True,SCN5A,0.9992,0.0008000000000000229,intronic,False,nearest,775.0,Structural mechanism unlikely — LSSIM near WT
rs62241188,chr3,38561578,,,,"ACVR2B,DDTP1,EXOG,RPL18AP7,SCN10A,SCN5A,Y_RNA",GWAS hit in SCN5A locus,True,SCN5A,0.9994,0.0006000000000000449,intronic,False,nearest,569.0,Structural mechanism unlikely — LSSIM near WT
rs9841329,chr3,38646312,,,,"EXOG,RPL18AP7,SCN10A,SCN5A",GWAS hit in SCN5A locus,True,SCN5A,,,,False,not_found,,Needs simulation — position not in atlas
rs6599232,chr3,38658269,,,,"SCN10A,SCN5A",GWAS hit in SCN5A locus,True,SCN5A,,,,False,not_found,,Needs simulation — position not in atlas
rs6804918,chr3,38557465,,,,"ACVR2B,DDTP1,EXOG,RPL18AP7,SCN10A,SCN5A,Y_RNA",GWAS hit in SCN5A locus,True,SCN5A,0.9992,0.0008000000000000229,intronic,False,exact,0.0,Structural mechanism unlikely — LSSIM near WT
rs3924120,chr3,38594664,,,,"DDTP1,EXOG,RPL18AP7,SCN10A,SCN5A,Y_RNA",GWAS hit in SCN5A locus,True,SCN5A,,,,False,not_found,,Needs simulation — position not in atlas
rs7638275,chr3,38624332,,,,"EXOG,RPL18AP7,SCN10A,SCN5A",GWAS hit in SCN5A locus,True,SCN5A,0.9994,0.0006000000000000449,intronic,False,nearest,1659.0,Structural mechanism unlikely — LSSIM near WT
rs6599230,chr3,38633221,,,,"EXOG,RPL18AP7,SCN10A,SCN5A",GWAS hit in SCN5A locus,True,SCN5A,0.9999,9.999999999998899e-05,synonymous,False,exact,0.0,Structural mechanism unlikely — LSSIM near WT
rs7621270,chr3,38668437,,,,"SCN10A,SCN5A",GWAS hit in SCN5A locus,True,SCN5A,,,,False,not_found,,Needs simulation — position not in atlas
rs7373779,chr3,38552452,,,,"ACVR2B,ACVR2B-AS1,DDTP1,EXOG,RPL18AP7,SCN10A,SCN5A,XYLB,Y_RNA",GWAS hit in SCN5A locus,True,SCN5A,0.9994,0.0006000000000000449,intronic,False,exact,0.0,Structural mechanism unlikely — LSSIM near WT
rs6799868,chr3,38560065,,,,"ACVR2B,DDTP1,EXOG,RPL18AP7,SCN10A,SCN5A,Y_RNA",GWAS hit in SCN5A locus,True,SCN5A,0.9994,0.0006000000000000449,intronic,False,exact,0.0,Structural mechanism unlikely — LSSIM near WT
rs141685422,chr3,38561286,,,,"ACVR2B,DDTP1,EXOG,RPL18AP7,SCN10A,SCN5A,Y_RNA",GWAS hit in SCN5A locus,True,SCN5A,0.9994,0.0006000000000000449,intronic,False,nearest,840.0,Structural mechanism unlikely — LSSIM near WT
rs7633988,chr3,38681726,,,,"SCN10A,SCN5A",GWAS hit in SCN5A locus,True,SCN5A,,,,False,not_found,,Needs simulation — position not in atlas
rs7645178,chr3,38556067,,,,"ACVR2B,DDTP1,EXOG,RPL18AP7,SCN10A,SCN5A,Y_RNA",GWAS hit in SCN5A locus,True,SCN5A,0.9993,0.0007000000000000339,intronic,False,exact,0.0,Structural mechanism unlikely — LSSIM near WT
rs58454174,chr3,38574042,,,,"ACVR2B,DDTP1,EXOG,RPL18AP7,SCN10A,SCN5A,Y_RNA",GWAS hit in SCN5A locus,True,SCN5A,0.9991,0.0009000000000000119,intronic,False,nearest,217.0,Structural mechanism unlikely — LSSIM near WT
rs11710077,chr3,38616408,,,,"EXOG,RPL18AP7,SCN10A,SCN5A",GWAS hit in SCN5A locus,True,SCN5A,0.9993,0.0007000000000000339,intronic,False,exact,0.0,Structural mechanism unlikely — LSSIM near WT
rs9818148,chr3,38626765,,,,"EXOG,RPL18AP7,SCN10A,SCN5A",GWAS hit in SCN5A locus,True,SCN5A,,,,False,not_found,,Needs simulation — position not in atlas
rs7432532,chr3,38587170,,,,"ACVR2B,DDTP1,EXOG,RPL18AP7,SCN10A,SCN5A,Y_RNA",GWAS hit in SCN5A locus,True,SCN5A,0.9992,0.0008000000000000229,intronic,False,exact,0.0,Structural mechanism unlikely — LSSIM near WT
rs73070977,chr3,38589940,,,,"ACVR2B,DDTP1,EXOG,RPL18AP7,SCN10A,SCN5A,Y_RNA",GWAS hit in SCN5A locus,True,SCN5A,,,,False,not_found,,Needs simulation — position not in atlas
rs6773331,chr3,38642906,,,,"EXOG,RPL18AP7,SCN10A,SCN5A",GWAS hit in SCN5A locus,True,SCN5A,,,,False,not_found,,Needs simulation — position not in atlas
rs6768664,chr3,38642975,,,,"EXOG,RPL18AP7,SCN10A,SCN5A",GWAS hit in SCN5A locus,True,SCN5A,,,,False,not_found,,Needs simulation — position not in atlas
rs55742514,chr3,38646249,,,,"EXOG,RPL18AP7,SCN10A,SCN5A",GWAS hit in SCN5A locus,True,SCN5A,,,,False,not_found,,Needs simulation — position not in atlas
rs9851724,chr3,38678444,,,,"SCN10A,SCN5A",GWAS hit in SCN5A locus,True,SCN5A,,,,False,not_found,,Needs simulation — position not in atlas
rs7429945,chr3,38550198,,,,"ACVR2B,ACVR2B-AS1,DDTP1,EXOG,RPL18AP7,SCN10A,SCN5A,XYLB,Y_RNA",GWAS hit in SCN5A locus,True,SCN5A,0.9978,0.0021999999999999797,3_prime_UTR,False,exact,0.0,Structural mechanism unlikely — LSSIM near WT
rs45567533,chr3,38630069,,,,"EXOG,RPL18AP7,SCN10A,SCN5A",GWAS hit in SCN5A locus,True,SCN5A,0.9996,0.00039999999999995595,intronic,False,exact,0.0,Structural mechanism unlikely — LSSIM near WT
rs34760424,chr3,38641527,,,,"EXOG,RPL18AP7,SCN10A,SCN5A",GWAS hit in SCN5A locus,True,SCN5A,,,,False,not_found,,Needs simulation — position not in atlas
rs7427574,chr3,38643344,,,,"EXOG,RPL18AP7,SCN10A,SCN5A",GWAS hit in SCN5A locus,True,SCN5A,,,,False,not_found,,Needs simulation — position not in atlas
rs76521806,chr3,38657775,,,,"SCN10A,SCN5A",GWAS hit in SCN5A locus,True,SCN5A,,,,False,not_found,,Needs simulation — position not in atlas
rs12053903,chr3,38551902,,,,"ACVR2B,ACVR2B-AS1,DDTP1,EXOG,RPL18AP7,SCN10A,SCN5A,XYLB,Y_RNA",GWAS hit in SCN5A locus,True,SCN5A,0.9991,0.0009000000000000119,intronic,False,nearest,143.0,Structural mechanism unlikely — LSSIM near WT
rs7374289,chr3,38591580,,,,"ACVR2B,DDTP1,EXOG,RPL18AP7,SCN10A,SCN5A,Y_RNA",GWAS hit in SCN5A locus,True,SCN5A,,,,False,not_found,,Needs simulation — position not in atlas
rs4073103,chr3,38578951,,,,"ACVR2B,DDTP1,EXOG,RPL18AP7,SCN10A,SCN5A,Y_RNA",GWAS hit in SCN5A locus,True,SCN5A,0.9991,0.0009000000000000119,intronic,False,nearest,363.0,Structural mechanism unlikely — LSSIM near WT
rs6797133,chr3,38614542,,,,"DDTP1,EXOG,RPL18AP7,SCN10A,SCN5A",GWAS hit in SCN5A locus,True,SCN5A,0.9993,0.0007000000000000339,intronic,False,exact,0.0,Structural mechanism unlikely — LSSIM near WT
rs3922844,chr3,38582762,,,,"ACVR2B,DDTP1,EXOG,RPL18AP7,SCN10A,SCN5A,Y_RNA",GWAS hit in SCN5A locus,True,SCN5A,0.9993,0.0007000000000000339,intronic,False,nearest,1376.0,Structural mechanism unlikely — LSSIM near WT
rs11708996,chr3,38592432,,,,"ACVR2B,DDTP1,EXOG,RPL18AP7,SCN10A,SCN5A,Y_RNA",GWAS hit in SCN5A locus,True,SCN5A,,,,False,not_found,,Needs simulation — position not in atlas
rs6763048,chr3,38639903,,,,"EXOG,RPL18AP7,SCN10A,SCN5A",GWAS hit in SCN5A locus,True,SCN5A,,,,False,not_found,,Needs simulation — position not in atlas
rs9856387,chr3,38645735,,,,"EXOG,RPL18AP7,SCN10A,SCN5A",GWAS hit in SCN5A locus,True,SCN5A,,,,False,not_found,,Needs simulation — position not in atlas
rs7373065,chr3,38668824,,,,"SCN10A,SCN5A",GWAS hit in SCN5A locus,True,SCN5A,,,,False,not_found,,Needs simulation — position not in atlas
rs1805126,chr3,38550915,,,,"ACVR2B,ACVR2B-AS1,DDTP1,EXOG,RPL18AP7,SCN10A,SCN5A,XYLB,Y_RNA",GWAS hit in SCN5A locus,True,SCN5A,0.9945,0.005499999999999949,inframe_indel,False,exact,0.0,Structural mechanism unlikely — LSSIM near WT
rs9845438,chr3,38558965,,,,"ACVR2B,DDTP1,EXOG,RPL18AP7,SCN10A,SCN5A,Y_RNA",GWAS hit in SCN5A locus,True,SCN5A,0.9994,0.0006000000000000449,intronic,False,nearest,1100.0,Structural mechanism unlikely — LSSIM near WT
rs7374138,chr3,38564241,,,,"ACVR2B,DDTP1,EXOG,RPL18AP7,SCN10A,SCN5A,Y_RNA",GWAS hit in SCN5A locus,True,SCN5A,0.9993,0.0007000000000000339,intronic,False,nearest,1406.0,Structural mechanism unlikely — LSSIM near WT
rs3922843,chr3,38582852,,,,"ACVR2B,DDTP1,EXOG,RPL18AP7,SCN10A,SCN5A,Y_RNA",GWAS hit in SCN5A locus,True,SCN5A,0.9993,0.0007000000000000339,intronic,False,nearest,1466.0,Structural mechanism unlikely — LSSIM near WT
rs73056438,chr3,38629983,,,,"EXOG,RPL18AP7,SCN10A,SCN5A",GWAS hit in SCN5A locus,True,SCN5A,0.9996,0.00039999999999995595,intronic,False,exact,0.0,Structural mechanism unlikely — LSSIM near WT
rs9851710,chr3,38678410,,,,"SCN10A,SCN5A",GWAS hit in SCN5A locus,True,SCN5A,,,,False,not_found,,Needs simulation — position not in atlas
rs80338939,chr13,20189547,,,,"GJA3,GJB2,GJB6,LINC00556,LINC01072,LOC105370101,LOC107984553,LOC124903128,PPIAP28,ZMYM2",GWAS hit in GJB2 locus,True,GJB2,0.9868,0.01319999999999999,frameshift,False,exact,0.0,"Ambiguous — ΔLSSIM=0.0132, intergenic, needs experimental follow-up"
rs79998404,chr13,20190187,,,,"GJA3,GJB2,GJB6,LINC00556,LINC01072,LOC105370101,LOC107984553,LOC124903128,PPIAP28,ZMYM2",GWAS hit in GJB2 locus,True,GJB2,0.9961,0.0039000000000000146,other,False,nearest,252.0,Structural mechanism unlikely — LSSIM near WT
rs35887622,chr13,20189481,,,,"GJA3,GJB2,GJB6,LINC00556,LINC01072,LOC105370101,LOC107984553,LOC124903128,PPIAP28,ZMYM2",GWAS hit in GJB2 locus,True,GJB2,0.9935,0.00649999999999995,missense,False,exact,0.0,Structural mechanism unlikely — LSSIM near WT
rs576249617,chr19,11117641,,,,"DOCK6,DOCK6-AS1,KANK2,LDLR,LDLR-AS1,MIR6886,SMARCA4,SPC24",GWAS hit in LDLR locus,True,LDLR,0.9974,0.0026000000000000467,splice_region,False,nearest,252.0,Structural mechanism unlikely — LSSIM near WT
rs141787760,chr19,11091519,,,,"KANK2,LDLR,LDLR-AS1,MIR6886,RN7SL192P,SMARCA4,SPC24",GWAS hit in LDLR locus,True,LDLR,0.991,0.009000000000000008,intronic,False,nearest,111.0,Structural mechanism unlikely — LSSIM near WT
rs2738446,chr19,11116650,,,,"DOCK6,DOCK6-AS1,KANK2,LDLR,LDLR-AS1,MIR6886,SMARCA4,SPC24",GWAS hit in LDLR locus,True,LDLR,0.9997,0.00029999999999996696,intronic,False,nearest,140.0,Structural mechanism unlikely — LSSIM near WT
rs2738447,chr19,11116804,,,,"DOCK6,DOCK6-AS1,KANK2,LDLR,LDLR-AS1,MIR6886,SMARCA4,SPC24",GWAS hit in LDLR locus,True,LDLR,0.9997,0.00029999999999996696,intronic,False,exact,0.0,Structural mechanism unlikely — LSSIM near WT
rs2569537,chr19,11129377,,,,"DOCK6,DOCK6-AS1,KANK2,LDLR,LDLR-AS1,MIR6886,SMARCA4,SPC24",GWAS hit in LDLR locus,True,LDLR,0.998,0.0020000000000000018,intronic,False,nearest,116.0,Structural mechanism unlikely — LSSIM near WT
rs2738464,chr19,11131631,,,,"DOCK6,DOCK6-AS1,KANK2,LDLR,LDLR-AS1,MIR6886,SMARCA4,SPC24",GWAS hit in LDLR locus,True,LDLR,0.9969,0.0030999999999999917,3_prime_UTR,False,exact,0.0,Structural mechanism unlikely — LSSIM near WT
rs8102912,chr19,11095299,,,,"KANK2,LDLR,LDLR-AS1,MIR6886,RN7SL192P,SMARCA4,SPC24",GWAS hit in LDLR locus,True,LDLR,0.9894,0.010600000000000054,splice_region,False,nearest,923.0,"Ambiguous — ΔLSSIM=0.0106, intergenic, needs experimental follow-up"
rs6511721,chr19,11095899,,,,"KANK2,LDLR,LDLR-AS1,MIR6886,RN7SL192P,SMARCA4,SPC24",GWAS hit in LDLR locus,True,LDLR,0.9894,0.010600000000000054,splice_region,False,nearest,1523.0,"Ambiguous — ΔLSSIM=0.0106, intergenic, needs experimental follow-up"
rs17242381,chr19,11096053,,,,"KANK2,LDLR,LDLR-AS1,MIR6886,RN7SL192P,SMARCA4,SPC24",GWAS hit in LDLR locus,True,LDLR,0.9894,0.010600000000000054,splice_region,False,nearest,1677.0,"Ambiguous — ΔLSSIM=0.0106, intergenic, needs experimental follow-up"
rs2569538,chr19,11127872,,,,"DOCK6,DOCK6-AS1,KANK2,LDLR,LDLR-AS1,MIR6886,SMARCA4,SPC24",GWAS hit in LDLR locus,True,LDLR,0.9994,0.0006000000000000449,intronic,False,exact,0.0,Structural mechanism unlikely — LSSIM near WT
rs72658860,chr19,11110681,,,,"DOCK6,DOCK6-AS1,KANK2,LDLR,LDLR-AS1,MIR6886,RN7SL192P,SMARCA4,SPC24",GWAS hit in LDLR locus,True,LDLR,0.9961,0.0039000000000000146,frameshift,False,exact,0.0,Structural mechanism unlikely — LSSIM near WT
rs72658865,chr19,11116969,,,,"DOCK6,DOCK6-AS1,KANK2,LDLR,LDLR-AS1,MIR6886,SMARCA4,SPC24",GWAS hit in LDLR locus,True,LDLR,0.9999,9.999999999998899e-05,synonymous,False,nearest,2.0,Structural mechanism unlikely — LSSIM near WT
rs2228671,chr19,11100236,,,,"DOCK6,DOCK6-AS1,KANK2,LDLR,LDLR-AS1,MIR6886,RN7SL192P,SMARCA4,SPC24",GWAS hit in LDLR locus,True,LDLR,0.9999,9.999999999998899e-05,synonymous,False,exact,0.0,Structural mechanism unlikely — LSSIM near WT
rs34618024,chr19,11135368,,,,"DOCK6,DOCK6-AS1,KANK2,LDLR,LDLR-AS1,MIR6886,SMARCA4,SPC24",GWAS hit in LDLR locus,True,LDLR,0.9993,0.0007000000000000339,3_prime_UTR,False,nearest,1733.0,Structural mechanism unlikely — LSSIM near WT
rs17248769,chr19,11098900,,,,"DOCK6-AS1,KANK2,LDLR,LDLR-AS1,MIR6886,RN7SL192P,SMARCA4,SPC24",GWAS hit in LDLR locus,True,LDLR,0.9998,0.00019999999999997797,intronic,False,nearest,1244.0,Structural mechanism unlikely — LSSIM near WT
rs74857287,chr19,11099088,,,,"DOCK6-AS1,KANK2,LDLR,LDLR-AS1,MIR6886,RN7SL192P,SMARCA4,SPC24",GWAS hit in LDLR locus,True,LDLR,0.9998,0.00019999999999997797,intronic,False,nearest,1056.0,Structural mechanism unlikely — LSSIM near WT
rs74257940,chr19,11103799,,,,"DOCK6,DOCK6-AS1,KANK2,LDLR,LDLR-AS1,MIR6886,RN7SL192P,SMARCA4,SPC24",GWAS hit in LDLR locus,True,LDLR,0.9998,0.00019999999999997797,intronic,False,nearest,944.0,Structural mechanism unlikely — LSSIM near WT
rs761765254,chr19,11107506,,,,"DOCK6,DOCK6-AS1,KANK2,LDLR,LDLR-AS1,MIR6886,RN7SL192P,SMARCA4,SPC24",GWAS hit in LDLR locus,True,LDLR,1.0,0.0,synonymous,False,exact,0.0,Structural mechanism unlikely — LSSIM near WT
rs2738445,chr19,11116394,,,,"DOCK6,DOCK6-AS1,KANK2,LDLR,LDLR-AS1,MIR6886,SMARCA4,SPC24",GWAS hit in LDLR locus,True,LDLR,0.9998,0.00019999999999997797,intronic,False,exact,0.0,Structural mechanism unlikely — LSSIM near WT
rs2569550,chr19,11118069,,,,"DOCK6,DOCK6-AS1,KANK2,LDLR,LDLR-AS1,MIR6886,SMARCA4,SPC24",GWAS hit in LDLR locus,True,LDLR,0.9974,0.0026000000000000467,splice_region,False,nearest,176.0,Structural mechanism unlikely — LSSIM near WT
rs2738459,chr19,11127797,,,,"DOCK6,DOCK6-AS1,KANK2,LDLR,LDLR-AS1,MIR6886,SMARCA4,SPC24",GWAS hit in LDLR locus,True,LDLR,0.9994,0.0006000000000000449,intronic,False,nearest,75.0,Structural mechanism unlikely — LSSIM near WT
rs11669576,chr19,11111624,,,,"DOCK6,DOCK6-AS1,KANK2,LDLR,LDLR-AS1,MIR6886,RN7SL192P,SMARCA4,SPC24",GWAS hit in LDLR locus,True,LDLR,1.0,0.0,synonymous,False,exact,0.0,Structural mechanism unlikely — LSSIM near WT
rs79915079,chr19,11118390,,,,"DOCK6,DOCK6-AS1,KANK2,LDLR,LDLR-AS1,MIR6886,SMARCA4,SPC24",GWAS hit in LDLR locus,True,LDLR,0.9974,0.0026000000000000467,splice_region,False,nearest,497.0,Structural mechanism unlikely — LSSIM near WT
rs72658867,chr19,11120527,,,,"DOCK6,DOCK6-AS1,KANK2,LDLR,LDLR-AS1,MIR6886,SMARCA4,SPC24",GWAS hit in LDLR locus,True,LDLR,0.9998,0.00019999999999997797,intronic,False,exact,0.0,Structural mechanism unlikely — LSSIM near WT
rs879255211,chr19,11129554,,,,"DOCK6,DOCK6-AS1,KANK2,LDLR,LDLR-AS1,MIR6886,SMARCA4,SPC24",GWAS hit in LDLR locus,True,LDLR,0.9995,0.0004999999999999449,synonymous,False,exact,0.0,Structural mechanism unlikely — LSSIM near WT
rs67337506,chr19,11097306,,,,"KANK2,LDLR,LDLR-AS1,MIR6886,RN7SL192P,SMARCA4,SPC24",GWAS hit in LDLR locus,True,LDLR,,,,False,not_found,,Needs simulation — position not in atlas
rs17248776,chr19,11099578,,,,"DOCK6,DOCK6-AS1,KANK2,LDLR,LDLR-AS1,MIR6886,RN7SL192P,SMARCA4,SPC24",GWAS hit in LDLR locus,True,LDLR,0.9998,0.00019999999999997797,intronic,False,nearest,566.0,Structural mechanism unlikely — LSSIM near WT
rs5927,chr19,11123265,,,,"DOCK6,DOCK6-AS1,KANK2,LDLR,LDLR-AS1,MIR6886,SMARCA4,SPC24",GWAS hit in LDLR locus,True,LDLR,0.9953,0.0047000000000000375,frameshift,False,exact,0.0,Structural mechanism unlikely — LSSIM near WT
rs57217136,chr19,11090448,,,,"KANK2,LDLR,LDLR-AS1,MIR6886,RN7SL192P,SMARCA4,SPC24",GWAS hit in LDLR locus,True,LDLR,0.9928,0.007199999999999984,intronic,False,exact,0.0,Structural mechanism unlikely — LSSIM near WT
rs117423069,chr19,11097101,,,,"KANK2,LDLR,LDLR-AS1,MIR6886,RN7SL192P,SMARCA4,SPC24",GWAS hit in LDLR locus,True,LDLR,,,,False,not_found,,Needs simulation — position not in atlas
rs144172724,chr19,11102774,,,,"DOCK6,DOCK6-AS1,KANK2,LDLR,LDLR-AS1,MIR6886,RN7SL192P,SMARCA4,SPC24",GWAS hit in LDLR locus,True,LDLR,1.0,0.0,synonymous,False,exact,0.0,Structural mechanism unlikely — LSSIM near WT
rs184765700,chr19,11130455,,,,"DOCK6,DOCK6-AS1,KANK2,LDLR,LDLR-AS1,MIR6886,SMARCA4,SPC24",GWAS hit in LDLR locus,True,LDLR,0.9987,0.0012999999999999678,intronic,False,nearest,649.0,Structural mechanism unlikely — LSSIM near WT
rs34113544,chr19,11132532,,,,"DOCK6,DOCK6-AS1,KANK2,LDLR,LDLR-AS1,MIR6886,SMARCA4,SPC24",GWAS hit in LDLR locus,True,LDLR,0.9987,0.0012999999999999678,3_prime_UTR,False,nearest,1.0,Structural mechanism unlikely — LSSIM near WT
rs17249141,chr19,11089332,,,,"KANK2,LDLR,LDLR-AS1,MIR6886,RN7SL192P,SMARCA4,SPC24",GWAS hit in LDLR locus,True,LDLR,0.9727,0.02729999999999999,other,False,exact,0.0,"Ambiguous — ΔLSSIM=0.0273, intergenic, needs experimental follow-up"
rs12981050,chr19,11089736,,,,"KANK2,LDLR,LDLR-AS1,MIR6886,RN7SL192P,SMARCA4,SPC24",GWAS hit in LDLR locus,True,LDLR,0.9961,0.0039000000000000146,intronic,False,nearest,19.0,Structural mechanism unlikely — LSSIM near WT
rs200990725,chr19,11106639,,,,"DOCK6,DOCK6-AS1,KANK2,LDLR,LDLR-AS1,MIR6886,RN7SL192P,SMARCA4,SPC24",GWAS hit in LDLR locus,True,LDLR,1.0,0.0,synonymous,False,exact,0.0,Structural mechanism unlikely — LSSIM near WT
rs7259278,chr19,11116790,,,,"DOCK6,DOCK6-AS1,KANK2,LDLR,LDLR-AS1,MIR6886,SMARCA4,SPC24",GWAS hit in LDLR locus,True,LDLR,0.9997,0.00029999999999996696,intronic,False,exact,0.0,Structural mechanism unlikely — LSSIM near WT
rs688,chr19,11116926,,,,"DOCK6,DOCK6-AS1,KANK2,LDLR,LDLR-AS1,MIR6886,SMARCA4,SPC24",GWAS hit in LDLR locus,True,LDLR,0.9982,0.0018000000000000238,inframe_indel,False,exact,0.0,Structural mechanism unlikely — LSSIM near WT
rs6511720,chr19,11091630,,,,"KANK2,LDLR,LDLR-AS1,MIR6886,RN7SL192P,SMARCA4,SPC24",GWAS hit in LDLR locus,True,LDLR,0.991,0.009000000000000008,intronic,False,exact,0.0,Structural mechanism unlikely — LSSIM near WT
rs10422256,chr19,11105941,,,,"DOCK6,DOCK6-AS1,KANK2,LDLR,LDLR-AS1,MIR6886,RN7SL192P,SMARCA4,SPC24",GWAS hit in LDLR locus,True,LDLR,0.9987,0.0012999999999999678,splice_region,False,nearest,129.0,Structural mechanism unlikely — LSSIM near WT
rs17248840,chr19,11114669,,,,"DOCK6,DOCK6-AS1,KANK2,LDLR,LDLR-AS1,MIR6886,SMARCA4,SPC24",GWAS hit in LDLR locus,True,LDLR,0.9998,0.00019999999999997797,intronic,False,nearest,753.0,Structural mechanism unlikely — LSSIM near WT
rs17242395,chr19,11096293,,,,"KANK2,LDLR,LDLR-AS1,MIR6886,RN7SL192P,SMARCA4,SPC24",GWAS hit in LDLR locus,True,LDLR,0.9894,0.010600000000000054,splice_region,False,nearest,1917.0,"Ambiguous — ΔLSSIM=0.0106, intergenic, needs experimental follow-up"
rs2569540,chr19,11127563,,,,"DOCK6,DOCK6-AS1,KANK2,LDLR,LDLR-AS1,MIR6886,SMARCA4,SPC24",GWAS hit in LDLR locus,True,LDLR,0.9994,0.0006000000000000449,intronic,False,nearest,309.0,Structural mechanism unlikely — LSSIM near WT
rs41301949,chr19,11120659,,,,"DOCK6,DOCK6-AS1,KANK2,LDLR,LDLR-AS1,MIR6886,SMARCA4,SPC24",GWAS hit in LDLR locus,True,LDLR,0.9997,0.00029999999999996696,intronic,False,nearest,39.0,Structural mechanism unlikely — LSSIM near WT
rs73015030,chr19,11096840,,,,"KANK2,LDLR,LDLR-AS1,MIR6886,RN7SL192P,SMARCA4,SPC24",GWAS hit in LDLR locus,True,LDLR,,,,False,not_found,,Needs simulation — position not in atlas
rs17248748,chr19,11095364,,,,"KANK2,LDLR,LDLR-AS1,MIR6886,RN7SL192P,SMARCA4,SPC24",GWAS hit in LDLR locus,True,LDLR,0.9894,0.010600000000000054,splice_region,False,nearest,988.0,"Ambiguous — ΔLSSIM=0.0106, intergenic, needs experimental follow-up"
rs12983082,chr19,11105885,,,,"DOCK6,DOCK6-AS1,KANK2,LDLR,LDLR-AS1,MIR6886,RN7SL192P,SMARCA4,SPC24",GWAS hit in LDLR locus,True,LDLR,0.9987,0.0012999999999999678,splice_region,False,nearest,185.0,Structural mechanism unlikely — LSSIM near WT
rs139624145,chr19,11113620,,,,"DOCK6,DOCK6-AS1,KANK2,LDLR,LDLR-AS1,MIR6886,SMARCA4,SPC24",GWAS hit in LDLR locus,True,LDLR,1.0,0.0,synonymous,False,exact,0.0,Structural mechanism unlikely — LSSIM near WT
rs2738452,chr19,11118542,,,,"DOCK6,DOCK6-AS1,KANK2,LDLR,LDLR-AS1,MIR6886,SMARCA4,SPC24",GWAS hit in LDLR locus,True,LDLR,0.9974,0.0026000000000000467,splice_region,False,nearest,649.0,Structural mechanism unlikely — LSSIM near WT
rs17249001,chr19,11130752,,,,"DOCK6,DOCK6-AS1,KANK2,LDLR,LDLR-AS1,MIR6886,SMARCA4,SPC24",GWAS hit in LDLR locus,True,LDLR,0.9987,0.0012999999999999678,intronic,False,nearest,352.0,Structural mechanism unlikely — LSSIM near WT
rs5930,chr19,11113589,,,,"DOCK6,DOCK6-AS1,KANK2,LDLR,LDLR-AS1,MIR6886,SMARCA4,SPC24",GWAS hit in LDLR locus,True,LDLR,0.9999,9.999999999998899e-05,synonymous,False,exact,0.0,Structural mechanism unlikely — LSSIM near WT
rs1799898,chr19,11116878,,,,"DOCK6,DOCK6-AS1,KANK2,LDLR,LDLR-AS1,MIR6886,SMARCA4,SPC24",GWAS hit in LDLR locus,True,LDLR,0.9999,9.999999999998899e-05,synonymous,False,exact,0.0,Structural mechanism unlikely — LSSIM near WT
